"ID","Age","Sex","Group","Home_Cage","Weight"
"G3_4",13,"Male","KO+MTX","C11151970",6.5
"G3_6",13,"Female","KO+Saline","C11151970",7.1
"G3_8",13,"Female","KO+MTX","C11151970",6.4
"G3_9",13,"Female","KO+Saline","C11151970",6.5
"G3_10",13,"Female","WT+MTX","C11151970",7
"G3_4",17,"Male","KO+MTX","C11151970",7.3
"G3_6",17,"Female","KO+Saline","C11151970",7.5
"G3_8",17,"Female","KO+MTX","C11151970",7.2
"G3_9",17,"Female","KO+Saline","C11151970",7.2
"G3_10",17,"Female","WT+MTX","C11151970",7.6
"G3_4",18,"Male","KO+MTX","C11151970",NA
"G3_6",18,"Female","KO+Saline","C11151970",NA
"G3_8",18,"Female","KO+MTX","C11151970",NA
"G3_9",18,"Female","KO+Saline","C11151970",NA
"G3_10",18,"Female","WT+MTX","C11151970",NA
"G3_4",19,"Male","KO+MTX","C11151970",8.2
"G3_6",19,"Female","KO+MTX","C11151970",8.6
"G3_8",19,"Female","KO+Saline","C11151970",8
"G3_9",19,"Female","KO+MTX","C11151970",8.7
"G3_10",19,"Female","KO+Saline","C11151970",8.8
"G3_4",20,"Male","KO+MTX","C11151970",NA
"G3_6",20,"Female","KO+MTX","C11151970",NA
"G3_8",20,"Female","KO+Saline","C11151970",NA
"G3_9",20,"Female","KO+MTX","C11151970",NA
"G3_10",20,"Female","KO+Saline","C11151970",NA
"G3_4",21,"Male","KO+MTX","C11151970",8.2
"G3_6",21,"Female","KO+MTX","C11151970",10
"G3_8",21,"Female","KO+Saline","C11151970",8
"G3_9",21,"Female","KO+MTX","C11151970",10.2
"G3_10",21,"Female","KO+Saline","C11151970",9.2
"G3_4",22,"Male","KO+MTX","C11151970",8.3
"G3_6",22,"Female","KO+Saline","C11151970",10.6
"G3_8",22,"Female","KO+MTX","C11151970",8.2
"G3_9",22,"Female","KO+Saline","C11151970",10.1
"G3_10",22,"Female","WT+MTX","C11151970",9.5
"G3_4",23,"Male","KO+MTX","C11151970",8.4
"G3_6",23,"Female","KO+Saline","C11151970",11.6
"G3_8",23,"Female","KO+MTX","C11151970",8.2
"G3_9",23,"Female","KO+Saline","C11151970",10.7
"G3_10",23,"Female","WT+MTX","C11151970",10.3
"G3_4",24,"Male","KO+MTX","C11151970",8.3
"G3_6",24,"Female","KO+Saline","C11151970",12.4
"G3_8",24,"Female","KO+MTX","C11151970",8.5
"G3_9",24,"Female","KO+Saline","C11151970",11.4
"G3_10",24,"Female","WT+MTX","C11151970",10.6
"G3_4",25,"Male","KO+MTX","C11151970",8.9
"G3_6",25,"Female","KO+Saline","C11151970",13.2
"G3_8",25,"Female","KO+MTX","C11151970",9.8
"G3_9",25,"Female","KO+Saline","C11151970",12.4
"G3_10",25,"Female","WT+MTX","C11151970",11.7
"G3_4",26,"Male","KO+MTX","C11151970",10.5
"G3_6",26,"Female","KO+Saline","C11151970",14.3
"G3_8",26,"Female","KO+MTX","C11151970",10.8
"G3_9",26,"Female","KO+Saline","C11151970",12.4
"G3_10",26,"Female","WT+MTX","C11151970",11.7
"G3_4",27,"Male","KO+MTX","C11151970",11.7
"G3_6",27,"Female","KO+Saline","C11151970",15.1
"G3_8",27,"Female","KO+MTX","C11151970",12
"G3_9",27,"Female","KO+Saline","C11151970",13.9
"G3_10",27,"Female","WT+MTX","C11151970",13.7
"G3_4",35,"Male","KO+MTX","C11151970",18.5
"G3_6",35,"Female","KO+Saline","C11151970",19.7
"G3_8",35,"Female","KO+MTX","C11151970",16.8
"G3_9",35,"Female","KO+Saline","C11151970",17.3
"G3_10",35,"Female","WT+MTX","C11151970",18.5
"G3_4",41,"Male","KO+MTX","C11151970",21.7
"G3_6",41,"Female","KO+Saline","C11151970",19.3
"G3_8",41,"Female","KO+MTX","C11151970",18.3
"G3_9",41,"Female","KO+Saline","C11151970",17.6
"G3_10",41,"Female","WT+MTX","C11151970",20
"G3_4",49,"Male","KO+MTX","C11151970",23.8
"G3_6",49,"Female","KO+Saline","C11151970",19.1
"G3_8",49,"Female","KO+MTX","C11151970",18.9
"G3_9",49,"Female","KO+Saline","C11151970",18.8
"G3_10",49,"Female","WT+MTX","C11151970",21
"G3_4",56,"Male","KO+MTX","C11151970",25.3
"G3_6",56,"Female","KO+Saline","C11151970",20.2
"G3_8",56,"Female","KO+MTX","C11151970",20.1
"G3_9",56,"Female","KO+Saline","C11151970",19.5
"G3_10",56,"Female","WT+MTX","C11151970",22.5
"G3_4",62,"Male","KO+MTX","C11151970",26.7
"G3_6",62,"Female","KO+Saline","C11151970",21.4
"G3_8",62,"Female","KO+MTX","C11151970",20.1
"G3_9",62,"Female","KO+Saline","C11151970",19.6
"G3_10",62,"Female","WT+MTX","C11151970",22.8
"G4_1",13,"Male","WT+MTX","C11151962",7.3
"G4_2",13,"Male","WT+Saline","C11151962",7.7
"G4_6",13,"Female","WT+MTX","C11151962",8.1
"G4_7",13,"Female","KO+MTX","C11151962",7.6
"G4_8",13,"Female","WT+Saline","C11151962",7.5
"G4_1",17,"Male","WT+MTX","C11151962",8.2
"G4_2",17,"Male","WT+Saline","C11151962",8
"G4_6",17,"Female","WT+MTX","C11151962",8.3
"G4_7",17,"Female","KO+MTX","C11151962",7.9
"G4_8",17,"Female","WT+Saline","C11151962",7.6
"G4_1",18,"Male","WT+MTX","C11151962",NA
"G4_2",18,"Male","WT+Saline","C11151962",NA
"G4_6",18,"Female","WT+MTX","C11151962",NA
"G4_7",18,"Female","KO+MTX","C11151962",NA
"G4_8",18,"Female","WT+Saline","C11151962",NA
"G4_1",19,"Male","WT+MTX","C11151962",8.8
"G4_2",19,"Male","WT+Saline","C11151962",9.4
"G4_6",19,"Female","WT+MTX","C11151962",9.3
"G4_7",19,"Female","KO+MTX","C11151962",8.8
"G4_8",19,"Female","WT+Saline","C11151962",8.7
"G4_1",20,"Male","WT+MTX","C11151962",NA
"G4_2",20,"Male","WT+Saline","C11151962",NA
"G4_6",20,"Female","WT+MTX","C11151962",NA
"G4_7",20,"Female","KO+MTX","C11151962",NA
"G4_8",20,"Female","WT+Saline","C11151962",NA
"G4_1",21,"Male","WT+MTX","C11151962",8.9
"G4_2",21,"Male","WT+Saline","C11151962",11.4
"G4_6",21,"Female","WT+MTX","C11151962",10.1
"G4_7",21,"Female","KO+MTX","C11151962",9.2
"G4_8",21,"Female","WT+Saline","C11151962",10.7
"G4_1",22,"Male","WT+MTX","C11151962",8.7
"G4_2",22,"Male","WT+Saline","C11151962",12.1
"G4_6",22,"Female","WT+MTX","C11151962",10.5
"G4_7",22,"Female","KO+MTX","C11151962",9.3
"G4_8",22,"Female","WT+Saline","C11151962",10.9
"G4_1",23,"Male","WT+MTX","C11151962",9.4
"G4_2",23,"Male","WT+Saline","C11151962",12.9
"G4_6",23,"Female","WT+MTX","C11151962",11.4
"G4_7",23,"Female","KO+MTX","C11151962",9.8
"G4_8",23,"Female","WT+Saline","C11151962",11.7
"G4_1",24,"Male","WT+MTX","C11151962",9.4
"G4_2",24,"Male","WT+Saline","C11151962",14.3
"G4_6",24,"Female","WT+MTX","C11151962",11.8
"G4_7",24,"Female","KO+MTX","C11151962",10.1
"G4_8",24,"Female","WT+Saline","C11151962",12.1
"G4_1",25,"Male","WT+MTX","C11151962",10.8
"G4_2",25,"Male","WT+Saline","C11151962",15.5
"G4_6",25,"Female","WT+MTX","C11151962",12.9
"G4_7",25,"Female","KO+MTX","C11151962",11
"G4_8",25,"Female","WT+Saline","C11151962",13.2
"G4_1",26,"Male","WT+MTX","C11151962",12.1
"G4_2",26,"Male","WT+Saline","C11151962",16.5
"G4_6",26,"Female","WT+MTX","C11151962",14
"G4_7",26,"Female","KO+MTX","C11151962",13.8
"G4_8",26,"Female","WT+Saline","C11151962",14.6
"G4_1",27,"Male","WT+MTX","C11151962",13
"G4_2",27,"Male","WT+Saline","C11151962",17.5
"G4_6",27,"Female","WT+MTX","C11151962",14.5
"G4_7",27,"Female","KO+MTX","C11151962",12.7
"G4_8",27,"Female","WT+Saline","C11151962",14.1
"G4_1",35,"Male","WT+MTX","C11151962",18.8
"G4_2",35,"Male","WT+Saline","C11151962",21.2
"G4_6",35,"Female","WT+MTX","C11151962",19.3
"G4_7",35,"Female","KO+MTX","C11151962",18.1
"G4_8",35,"Female","WT+Saline","C11151962",16.9
"G4_1",41,"Male","WT+MTX","C11151962",22.5
"G4_2",41,"Male","WT+Saline","C11151962",23.7
"G4_6",41,"Female","WT+MTX","C11151962",20.2
"G4_7",41,"Female","KO+MTX","C11151962",19.8
"G4_8",41,"Female","WT+Saline","C11151962",18.4
"G4_1",49,"Male","WT+MTX","C11151962",24.7
"G4_2",49,"Male","WT+Saline","C11151962",24.4
"G4_6",49,"Female","WT+MTX","C11151962",21.5
"G4_7",49,"Female","KO+MTX","C11151962",20.4
"G4_8",49,"Female","WT+Saline","C11151962",19.6
"G4_1",56,"Male","WT+MTX","C11151962",27.4
"G4_2",56,"Male","WT+Saline","C11151962",25.3
"G4_6",56,"Female","WT+MTX","C11151962",23.3
"G4_7",56,"Female","KO+MTX","C11151962",22
"G4_8",56,"Female","WT+Saline","C11151962",21.3
"G4_1",62,"Male","WT+MTX","C11151962",29
"G4_2",62,"Male","WT+Saline","C11151962",26.5
"G4_6",62,"Female","WT+MTX","C11151962",22.8
"G4_7",62,"Female","KO+MTX","C11151962",22.6
"G4_8",62,"Female","WT+Saline","C11151962",22.3
"G5_2",13,"Male","KO+Saline","C11181627",7.8
"G5_3",13,"Male","KO+MTX","C11181627",7.9
"G5_6",13,"Female","WT+Saline","C11181627",7.9
"G5_7",13,"Female","WT+MTX","C11181627",7.8
"G5_8",13,"Female","WT+Saline","C11181627",8.1
"G5_9",13,"Female","WT+MTX","C11181627",7.6
"G5_2",17,"Male","KO+Saline","C11181627",7.3
"G5_3",17,"Male","KO+MTX","C11181627",8.4
"G5_6",17,"Female","WT+Saline","C11181627",7
"G5_7",17,"Female","WT+MTX","C11181627",7.9
"G5_8",17,"Female","WT+Saline","C11181627",7.6
"G5_9",17,"Female","WT+MTX","C11181627",7.5
"G5_2",18,"Male","KO+Saline","C11181627",8.3
"G5_3",18,"Male","KO+MTX","C11181627",8.6
"G5_6",18,"Female","WT+Saline","C11181627",8.6
"G5_7",18,"Female","WT+MTX","C11181627",7.8
"G5_8",18,"Female","WT+Saline","C11181627",8.5
"G5_9",18,"Female","WT+MTX","C11181627",8.1
"G5_2",19,"Male","KO+Saline","C11181627",8.7
"G5_3",19,"Male","KO+MTX","C11181627",8.9
"G5_6",19,"Female","WT+Saline","C11181627",8.3
"G5_7",19,"Female","WT+MTX","C11181627",8.7
"G5_8",19,"Female","WT+Saline","C11181627",9.2
"G5_9",19,"Female","WT+MTX","C11181627",8.7
"G5_2",20,"Male","KO+Saline","C11181627",9.5
"G5_3",20,"Male","KO+MTX","C11181627",9.2
"G5_6",20,"Female","WT+Saline","C11181627",9.1
"G5_7",20,"Female","WT+MTX","C11181627",9
"G5_8",20,"Female","WT+Saline","C11181627",9.8
"G5_9",20,"Female","WT+MTX","C11181627",8.9
"G5_2",21,"Male","KO+Saline","C11181627",NA
"G5_3",21,"Male","KO+MTX","C11181627",NA
"G5_6",21,"Female","WT+Saline","C11181627",NA
"G5_7",21,"Female","WT+MTX","C11181627",NA
"G5_8",21,"Female","WT+Saline","C11181627",NA
"G5_9",21,"Female","WT+MTX","C11181627",NA
"G5_2",22,"Male","KO+Saline","C11181627",11.9
"G5_3",22,"Male","KO+MTX","C11181627",9.4
"G5_6",22,"Female","WT+Saline","C11181627",10.9
"G5_7",22,"Female","WT+MTX","C11181627",10.4
"G5_8",22,"Female","WT+Saline","C11181627",11.8
"G5_9",22,"Female","WT+MTX","C11181627",10.4
"G5_2",23,"Male","KO+Saline","C11181627",12.9
"G5_3",23,"Male","KO+MTX","C11181627",9.7
"G5_6",23,"Female","WT+Saline","C11181627",11.9
"G5_7",23,"Female","WT+MTX","C11181627",10.9
"G5_8",23,"Female","WT+Saline","C11181627",12.5
"G5_9",23,"Female","WT+MTX","C11181627",11.1
"G5_2",24,"Male","KO+Saline","C11181627",13.9
"G5_3",24,"Male","KO+MTX","C11181627",10.2
"G5_6",24,"Female","WT+Saline","C11181627",13
"G5_7",24,"Female","WT+MTX","C11181627",10.8
"G5_8",24,"Female","WT+Saline","C11181627",13.5
"G5_9",24,"Female","WT+MTX","C11181627",11
"G5_2",25,"Male","KO+Saline","C11181627",15.3
"G5_3",25,"Male","KO+MTX","C11181627",11.7
"G5_6",25,"Female","WT+Saline","C11181627",13.3
"G5_7",25,"Female","WT+MTX","C11181627",11.5
"G5_8",25,"Female","WT+Saline","C11181627",14.1
"G5_9",25,"Female","WT+MTX","C11181627",12.2
"G5_2",26,"Male","KO+Saline","C11181627",16.2
"G5_3",26,"Male","KO+MTX","C11181627",12.7
"G5_6",26,"Female","WT+Saline","C11181627",14.2
"G5_7",26,"Female","WT+MTX","C11181627",12.4
"G5_8",26,"Female","WT+Saline","C11181627",14.9
"G5_9",26,"Female","WT+MTX","C11181627",13.6
"G5_2",27,"Male","KO+Saline","C11181627",16.9
"G5_3",27,"Male","KO+MTX","C11181627",13.6
"G5_6",27,"Female","WT+Saline","C11181627",15.1
"G5_7",27,"Female","WT+MTX","C11181627",13
"G5_8",27,"Female","WT+Saline","C11181627",15.3
"G5_9",27,"Female","WT+MTX","C11181627",14.1
"G5_2",35,"Male","KO+Saline","C11181627",22.2
"G5_3",35,"Male","KO+MTX","C11181627",20
"G5_6",35,"Female","WT+Saline","C11181627",17.8
"G5_7",35,"Female","WT+MTX","C11181627",15.8
"G5_8",35,"Female","WT+Saline","C11181627",17.9
"G5_9",35,"Female","WT+MTX","C11181627",17.8
"G5_2",41,"Male","KO+Saline","C11181627",24.7
"G5_3",41,"Male","KO+MTX","C11181627",22.4
"G5_6",41,"Female","WT+Saline","C11181627",18.6
"G5_7",41,"Female","WT+MTX","C11181627",17
"G5_8",41,"Female","WT+Saline","C11181627",19.1
"G5_9",41,"Female","WT+MTX","C11181627",19.2
"G5_2",49,"Male","KO+Saline","C11181627",25.7
"G5_3",49,"Male","KO+MTX","C11181627",24
"G5_6",49,"Female","WT+Saline","C11181627",19
"G5_7",49,"Female","WT+MTX","C11181627",17.6
"G5_8",49,"Female","WT+Saline","C11181627",19.6
"G5_9",49,"Female","WT+MTX","C11181627",19.2
"G5_2",56,"Male","KO+Saline","C11181627",28.1
"G5_3",56,"Male","KO+MTX","C11181627",26
"G5_6",56,"Female","WT+Saline","C11181627",19.9
"G5_7",56,"Female","WT+MTX","C11181627",18.5
"G5_8",56,"Female","WT+Saline","C11181627",21
"G5_9",56,"Female","WT+MTX","C11181627",20.7
"G5_2",62,"Male","KO+Saline","C11181627",28.9
"G5_3",62,"Male","KO+MTX","C11181627",26.5
"G5_6",62,"Female","WT+Saline","C11181627",20.8
"G5_7",62,"Female","WT+MTX","C11181627",18.6
"G5_8",62,"Female","WT+Saline","C11181627",22
"G5_9",62,"Female","WT+MTX","C11181627",22.2
"G6_1",13,"Male","KO+Saline","C11158672",6.9
"G6_2",13,"Male","KO+MTX","C11158672",7
"G6_3",13,"Male","KO+Saline","C11158672",7
"G6_4",13,"Male","KO+MTX","C11158672",7.2
"G6_5",13,"Male","KO+Saline","C11158672",7.3
"G6_1",17,"Male","KO+Saline","C11158672",7.6
"G6_2",17,"Male","KO+MTX","C11158672",7.3
"G6_3",17,"Male","KO+Saline","C11158672",6.9
"G6_4",17,"Male","KO+MTX","C11158672",6.9
"G6_5",17,"Male","KO+Saline","C11158672",7
"G6_1",18,"Male","KO+Saline","C11158672",8.5
"G6_2",18,"Male","KO+MTX","C11158672",7.7
"G6_3",18,"Male","KO+Saline","C11158672",7.2
"G6_4",18,"Male","KO+MTX","C11158672",7.5
"G6_5",18,"Male","KO+Saline","C11158672",7.8
"G6_1",19,"Male","KO+Saline","C11158672",9.2
"G6_2",19,"Male","KO+MTX","C11158672",8.3
"G6_3",19,"Male","KO+Saline","C11158672",7.3
"G6_4",19,"Male","KO+MTX","C11158672",7.7
"G6_5",19,"Male","KO+Saline","C11158672",8.4
"G6_1",20,"Male","KO+Saline","C11158672",9.6
"G6_2",20,"Male","KO+MTX","C11158672",8.3
"G6_3",20,"Male","KO+Saline","C11158672",8
"G6_4",20,"Male","KO+MTX","C11158672",7.5
"G6_5",20,"Male","KO+Saline","C11158672",9.1
"G6_1",21,"Male","KO+Saline","C11158672",NA
"G6_2",21,"Male","KO+MTX","C11158672",NA
"G6_3",21,"Male","KO+Saline","C11158672",NA
"G6_4",21,"Male","KO+MTX","C11158672",NA
"G6_5",21,"Male","KO+Saline","C11158672",NA
"G6_1",22,"Male","KO+Saline","C11158672",11.9
"G6_2",22,"Male","KO+MTX","C11158672",10
"G6_3",22,"Male","KO+Saline","C11158672",9.9
"G6_4",22,"Male","KO+MTX","C11158672",7.5
"G6_5",22,"Male","KO+Saline","C11158672",11.1
"G6_1",23,"Male","KO+Saline","C11158672",12.7
"G6_2",23,"Male","KO+MTX","C11158672",11
"G6_3",23,"Male","KO+Saline","C11158672",11
"G6_4",23,"Male","KO+MTX","C11158672",7.3
"G6_5",23,"Male","KO+Saline","C11158672",11.6
"G6_1",24,"Male","KO+Saline","C11158672",13.6
"G6_2",24,"Male","KO+MTX","C11158672",10.7
"G6_3",24,"Male","KO+Saline","C11158672",11.9
"G6_4",24,"Male","KO+MTX","C11158672",7.2
"G6_5",24,"Male","KO+Saline","C11158672",12.8
"G6_1",25,"Male","KO+Saline","C11158672",14.7
"G6_2",25,"Male","KO+MTX","C11158672",11.4
"G6_3",25,"Male","KO+Saline","C11158672",13.1
"G6_4",25,"Male","KO+MTX","C11158672",6.9
"G6_5",25,"Male","KO+Saline","C11158672",13.6
"G6_1",26,"Male","KO+Saline","C11158672",15.4
"G6_2",26,"Male","KO+MTX","C11158672",12.7
"G6_3",26,"Male","KO+Saline","C11158672",14
"G6_4",26,"Male","KO+MTX","C11158672",7.2
"G6_5",26,"Male","KO+Saline","C11158672",14.7
"G6_1",27,"Male","KO+Saline","C11158672",16.4
"G6_2",27,"Male","KO+MTX","C11158672",14.2
"G6_3",27,"Male","KO+Saline","C11158672",14.9
"G6_4",27,"Male","KO+MTX","C11158672",8.6
"G6_5",27,"Male","KO+Saline","C11158672",15.5
"G6_1",35,"Male","KO+Saline","C11158672",21.2
"G6_2",35,"Male","KO+MTX","C11158672",20.8
"G6_3",35,"Male","KO+Saline","C11158672",20.4
"G6_4",35,"Male","KO+MTX","C11158672",15.2
"G6_5",35,"Male","KO+Saline","C11158672",20.5
"G6_1",41,"Male","KO+Saline","C11158672",23.7
"G6_2",41,"Male","KO+MTX","C11158672",22.5
"G6_3",41,"Male","KO+Saline","C11158672",22.6
"G6_4",41,"Male","KO+MTX","C11158672",19.2
"G6_5",41,"Male","KO+Saline","C11158672",22.5
"G6_1",49,"Male","KO+Saline","C11158672",25.2
"G6_2",49,"Male","KO+MTX","C11158672",23.3
"G6_3",49,"Male","KO+Saline","C11158672",23
"G6_4",49,"Male","KO+MTX","C11158672",20.3
"G6_5",49,"Male","KO+Saline","C11158672",23.2
"G6_1",56,"Male","KO+Saline","C11158672",26.5
"G6_2",56,"Male","KO+MTX","C11158672",24
"G6_3",56,"Male","KO+Saline","C11158672",23.6
"G6_4",56,"Male","KO+MTX","C11158672",22.7
"G6_5",56,"Male","KO+Saline","C11158672",25.1
"G6_1",62,"Male","KO+Saline","C11158672",26.8
"G6_2",62,"Male","KO+MTX","C11158672",24.1
"G6_3",62,"Male","KO+Saline","C11158672",23.2
"G6_4",62,"Male","KO+MTX","C11158672",23.5
"G6_5",62,"Male","KO+Saline","C11158672",25.5
"G7_2",13,"Male","KO+MTX","C11219462",6.8
"G7_4",13,"Male","WT+Saline","C11219462",6.7
"G7_6",13,"Female","KO+Saline","C11219462",6.4
"G7_2",17,"Male","KO+MTX","C11219462",7.4
"G7_4",17,"Male","WT+Saline","C11219462",7.2
"G7_6",17,"Female","KO+Saline","C11219462",7.1
"G7_2",18,"Male","KO+MTX","C11219462",7.7
"G7_4",18,"Male","WT+Saline","C11219462",7.5
"G7_6",18,"Female","KO+Saline","C11219462",7.7
"G7_2",19,"Male","KO+MTX","C11219462",7.8
"G7_4",19,"Male","WT+Saline","C11219462",7.9
"G7_6",19,"Female","KO+Saline","C11219462",8.3
"G7_2",20,"Male","KO+MTX","C11219462",8
"G7_4",20,"Male","WT+Saline","C11219462",8.2
"G7_6",20,"Female","KO+Saline","C11219462",8.4
"G7_2",21,"Male","KO+MTX","C11219462",8.6
"G7_4",21,"Male","WT+Saline","C11219462",9.3
"G7_6",21,"Female","KO+Saline","C11219462",9.1
"G7_2",22,"Male","KO+MTX","C11219462",9.4
"G7_4",22,"Male","WT+Saline","C11219462",9.9
"G7_6",22,"Female","KO+Saline","C11219462",9.8
"G7_2",23,"Male","KO+MTX","C11219462",10.2
"G7_4",23,"Male","WT+Saline","C11219462",10.9
"G7_6",23,"Female","KO+Saline","C11219462",10.8
"G7_2",24,"Male","KO+MTX","C11219462",10.9
"G7_4",24,"Male","WT+Saline","C11219462",11.1
"G7_6",24,"Female","KO+Saline","C11219462",12.3
"G7_2",25,"Male","KO+MTX","C11219462",11.7
"G7_4",25,"Male","WT+Saline","C11219462",13.1
"G7_6",25,"Female","KO+Saline","C11219462",12.5
"G7_2",26,"Male","KO+MTX","C11219462",12.2
"G7_4",26,"Male","WT+Saline","C11219462",13.4
"G7_6",26,"Female","KO+Saline","C11219462",13.2
"G7_2",27,"Male","KO+MTX","C11219462",13.1
"G7_4",27,"Male","WT+Saline","C11219462",14.1
"G7_6",27,"Female","KO+Saline","C11219462",13.7
"G7_2",35,"Male","KO+MTX","C11219462",17.6
"G7_4",35,"Male","WT+Saline","C11219462",18.9
"G7_6",35,"Female","KO+Saline","C11219462",16.2
"G7_2",41,"Male","KO+MTX","C11219462",19.6
"G7_4",41,"Male","WT+Saline","C11219462",21.7
"G7_6",41,"Female","KO+Saline","C11219462",16.6
"G7_2",49,"Male","KO+MTX","C11219462",20.5
"G7_4",49,"Male","WT+Saline","C11219462",23.6
"G7_6",49,"Female","KO+Saline","C11219462",18
"G7_2",56,"Male","KO+MTX","C11219462",22.2
"G7_4",56,"Male","WT+Saline","C11219462",25.6
"G7_6",56,"Female","KO+Saline","C11219462",18.3
"G7_2",62,"Male","KO+MTX","C11219462",23.1
"G7_4",62,"Male","WT+Saline","C11219462",26.3
"G7_6",62,"Female","KO+Saline","C11219462",18.7
"G8_1",13,"Male","KO+MTX","C11236225",6.8
"G8_4",13,"Male","WT+MTX","C11236225",6.9
"G8_7",13,"Male","KO+Saline","C11236225",7.1
"G8_1",17,"Male","KO+MTX","C11236225",7.4
"G8_4",17,"Male","WT+MTX","C11236225",7.3
"G8_7",17,"Male","KO+Saline","C11236225",7.5
"G8_1",18,"Male","KO+MTX","C11236225",7.6
"G8_4",18,"Male","WT+MTX","C11236225",7.6
"G8_7",18,"Male","KO+Saline","C11236225",7.9
"G8_1",19,"Male","KO+MTX","C11236225",7.7
"G8_4",19,"Male","WT+MTX","C11236225",7.8
"G8_7",19,"Male","KO+Saline","C11236225",8.4
"G8_1",20,"Male","KO+MTX","C11236225",7.5
"G8_4",20,"Male","WT+MTX","C11236225",7.9
"G8_7",20,"Male","KO+Saline","C11236225",8.7
"G8_1",21,"Male","KO+MTX","C11236225",7.9
"G8_4",21,"Male","WT+MTX","C11236225",8.6
"G8_7",21,"Male","KO+Saline","C11236225",9.3
"G8_1",22,"Male","KO+MTX","C11236225",8.4
"G8_4",22,"Male","WT+MTX","C11236225",9.5
"G8_7",22,"Male","KO+Saline","C11236225",10.2
"G8_1",23,"Male","KO+MTX","C11236225",8.4
"G8_4",23,"Male","WT+MTX","C11236225",10.7
"G8_7",23,"Male","KO+Saline","C11236225",11.5
"G8_1",24,"Male","KO+MTX","C11236225",8.7
"G8_4",24,"Male","WT+MTX","C11236225",11.1
"G8_7",24,"Male","KO+Saline","C11236225",12.6
"G8_1",25,"Male","KO+MTX","C11236225",10.2
"G8_4",25,"Male","WT+MTX","C11236225",12
"G8_7",25,"Male","KO+Saline","C11236225",13.2
"G8_1",26,"Male","KO+MTX","C11236225",12.3
"G8_4",26,"Male","WT+MTX","C11236225",10.7
"G8_7",26,"Male","KO+Saline","C11236225",13.2
"G8_1",27,"Male","KO+MTX","C11236225",11.8
"G8_4",27,"Male","WT+MTX","C11236225",13.8
"G8_7",27,"Male","KO+Saline","C11236225",14.7
"G8_1",35,"Male","KO+MTX","C11236225",17.9
"G8_4",35,"Male","WT+MTX","C11236225",19.1
"G8_7",35,"Male","KO+Saline","C11236225",18.3
"G8_1",41,"Male","KO+MTX","C11236225",20.5
"G8_4",41,"Male","WT+MTX","C11236225",21.1
"G8_7",41,"Male","KO+Saline","C11236225",20.6
"G8_1",49,"Male","KO+MTX","C11236225",22
"G8_4",49,"Male","WT+MTX","C11236225",23.3
"G8_7",49,"Male","KO+Saline","C11236225",21.7
"G8_1",56,"Male","KO+MTX","C11236225",23.4
"G8_4",56,"Male","WT+MTX","C11236225",24.5
"G8_7",56,"Male","KO+Saline","C11236225",22.5
"G8_1",62,"Male","KO+MTX","C11236225",24.3
"G8_4",62,"Male","WT+MTX","C11236225",25.4
"G8_7",62,"Male","KO+Saline","C11236225",23.9
"G9_2",13,"Male","KO+MTX","C11219436",6.6
"G9_3",13,"Male","WT+MTX","C11219436",6.1
"G9_4",13,"Male","KO+Saline","C11219436",6.5
"G9_5",13,"Male","WT+Saline","C11219436",6.1
"G9_2",17,"Male","KO+MTX","C11219436",7.1
"G9_3",17,"Male","WT+MTX","C11219436",6.9
"G9_4",17,"Male","KO+Saline","C11219436",7.1
"G9_5",17,"Male","WT+Saline","C11219436",6.6
"G9_2",18,"Male","KO+MTX","C11219436",7.5
"G9_3",18,"Male","WT+MTX","C11219436",7.3
"G9_4",18,"Male","KO+Saline","C11219436",7.6
"G9_5",18,"Male","WT+Saline","C11219436",7
"G9_2",19,"Male","KO+MTX","C11219436",7.8
"G9_3",19,"Male","WT+MTX","C11219436",7.6
"G9_4",19,"Male","KO+Saline","C11219436",8.3
"G9_5",19,"Male","WT+Saline","C11219436",7.6
"G9_2",20,"Male","KO+MTX","C11219436",8.1
"G9_3",20,"Male","WT+MTX","C11219436",7.6
"G9_4",20,"Male","KO+Saline","C11219436",8.5
"G9_5",20,"Male","WT+Saline","C11219436",7.9
"G9_2",21,"Male","KO+MTX","C11219436",8.6
"G9_3",21,"Male","WT+MTX","C11219436",7.8
"G9_4",21,"Male","KO+Saline","C11219436",9.1
"G9_5",21,"Male","WT+Saline","C11219436",8.7
"G9_2",22,"Male","KO+MTX","C11219436",8.5
"G9_3",22,"Male","WT+MTX","C11219436",7.9
"G9_4",22,"Male","KO+Saline","C11219436",10.2
"G9_5",22,"Male","WT+Saline","C11219436",9.6
"G9_2",23,"Male","KO+MTX","C11219436",8.7
"G9_3",23,"Male","WT+MTX","C11219436",7.6
"G9_4",23,"Male","KO+Saline","C11219436",11.1
"G9_5",23,"Male","WT+Saline","C11219436",10.6
"G9_2",24,"Male","KO+MTX","C11219436",9
"G9_3",24,"Male","WT+MTX","C11219436",7.4
"G9_4",24,"Male","KO+Saline","C11219436",12.5
"G9_5",24,"Male","WT+Saline","C11219436",11.6
"G9_2",25,"Male","KO+MTX","C11219436",9.4
"G9_3",25,"Male","WT+MTX","C11219436",7.5
"G9_4",25,"Male","KO+Saline","C11219436",13.8
"G9_5",25,"Male","WT+Saline","C11219436",13.1
"G9_2",26,"Male","KO+MTX","C11219436",10.4
"G9_3",26,"Male","WT+MTX","C11219436",8.2
"G9_4",26,"Male","KO+Saline","C11219436",14.2
"G9_5",26,"Male","WT+Saline","C11219436",13.9
"G9_2",27,"Male","KO+MTX","C11219436",11.7
"G9_3",27,"Male","WT+MTX","C11219436",9.8
"G9_4",27,"Male","KO+Saline","C11219436",15.6
"G9_5",27,"Male","WT+Saline","C11219436",14.7
"G9_2",35,"Male","KO+MTX","C11219436",18.7
"G9_3",35,"Male","WT+MTX","C11219436",16.1
"G9_4",35,"Male","KO+Saline","C11219436",20.3
"G9_5",35,"Male","WT+Saline","C11219436",18.9
"G9_2",41,"Male","KO+MTX","C11219436",22.5
"G9_3",41,"Male","WT+MTX","C11219436",20.4
"G9_4",41,"Male","KO+Saline","C11219436",21.8
"G9_5",41,"Male","WT+Saline","C11219436",21
"G9_2",49,"Male","KO+MTX","C11219436",24.3
"G9_3",49,"Male","WT+MTX","C11219436",21.7
"G9_4",49,"Male","KO+Saline","C11219436",23.2
"G9_5",49,"Male","WT+Saline","C11219436",21.7
"G9_2",56,"Male","KO+MTX","C11219436",26.3
"G9_3",56,"Male","WT+MTX","C11219436",23.3
"G9_4",56,"Male","KO+Saline","C11219436",24
"G9_5",56,"Male","WT+Saline","C11219436",23.5
"G9_2",62,"Male","KO+MTX","C11219436",27.3
"G9_3",62,"Male","WT+MTX","C11219436",24.5
"G9_4",62,"Male","KO+Saline","C11219436",24.3
"G9_5",62,"Male","WT+Saline","C11219436",24.3
"G10_1",13,"Male","KO+Saline","C11294495",7.5
"G10_2",13,"Male","KO+MTX","C11294495",7.9
"G10_5",13,"Male","KO+Saline","C11294495",7.3
"G10_1",17,"Male","KO+Saline","C11294495",8
"G10_2",17,"Male","KO+MTX","C11294495",8.2
"G10_5",17,"Male","KO+Saline","C11294495",7.3
"G10_1",18,"Male","KO+Saline","C11294495",8.4
"G10_2",18,"Male","KO+MTX","C11294495",8.9
"G10_5",18,"Male","KO+Saline","C11294495",7.3
"G10_1",19,"Male","KO+Saline","C11294495",8.7
"G10_2",19,"Male","KO+MTX","C11294495",9.1
"G10_5",19,"Male","KO+Saline","C11294495",7.9
"G10_1",20,"Male","KO+Saline","C11294495",9.1
"G10_2",20,"Male","KO+MTX","C11294495",9.4
"G10_5",20,"Male","KO+Saline","C11294495",8.4
"G10_1",21,"Male","KO+Saline","C11294495",NA
"G10_2",21,"Male","KO+MTX","C11294495",NA
"G10_5",21,"Male","KO+Saline","C11294495",NA
"G10_1",22,"Male","KO+Saline","C11294495",10.2
"G10_2",22,"Male","KO+MTX","C11294495",10.7
"G10_5",22,"Male","KO+Saline","C11294495",9.3
"G10_1",23,"Male","KO+Saline","C11294495",11.7
"G10_2",23,"Male","KO+MTX","C11294495",11.8
"G10_5",23,"Male","KO+Saline","C11294495",10.6
"G10_1",24,"Male","KO+Saline","C11294495",12.8
"G10_2",24,"Male","KO+MTX","C11294495",12.3
"G10_5",24,"Male","KO+Saline","C11294495",11.8
"G10_1",25,"Male","KO+Saline","C11294495",13.8
"G10_2",25,"Male","KO+MTX","C11294495",13.8
"G10_5",25,"Male","KO+Saline","C11294495",12.4
"G10_1",26,"Male","KO+Saline","C11294495",14.5
"G10_2",26,"Male","KO+MTX","C11294495",14.5
"G10_5",26,"Male","KO+Saline","C11294495",13.1
"G10_1",27,"Male","KO+Saline","C11294495",15.7
"G10_2",27,"Male","KO+MTX","C11294495",15.9
"G10_5",27,"Male","KO+Saline","C11294495",14.3
"G10_1",35,"Male","KO+Saline","C11294495",19.4
"G10_2",35,"Male","KO+MTX","C11294495",20.1
"G10_5",35,"Male","KO+Saline","C11294495",18
"G10_1",41,"Male","KO+Saline","C11294495",20.6
"G10_2",41,"Male","KO+MTX","C11294495",22.5
"G10_5",41,"Male","KO+Saline","C11294495",20.1
"G10_1",49,"Male","KO+Saline","C11294495",22.1
"G10_2",49,"Male","KO+MTX","C11294495",25.2
"G10_5",49,"Male","KO+Saline","C11294495",22.6
"G10_1",56,"Male","KO+Saline","C11294495",23.3
"G10_2",56,"Male","KO+MTX","C11294495",25.9
"G10_5",56,"Male","KO+Saline","C11294495",23.8
"G10_1",62,"Male","KO+Saline","C11294495",23.7
"G10_2",62,"Male","KO+MTX","C11294495",26.9
"G10_5",62,"Male","KO+Saline","C11294495",24.6
"G12_1",13,"Male","KO+MTX","C11372795",7.6
"G12_5",13,"Female","WT+Saline","C11372795",7
"G12_6",13,"Female","WT+MTX","C11372795",7.2
"G12_7",13,"Female","KO+Saline","C11372795",6.9
"G12_1",17,"Male","KO+MTX","C11372795",7.5
"G12_5",17,"Female","WT+Saline","C11372795",6.7
"G12_6",17,"Female","WT+MTX","C11372795",7
"G12_7",17,"Female","KO+Saline","C11372795",6.8
"G12_1",18,"Male","KO+MTX","C11372795",8
"G12_5",18,"Female","WT+Saline","C11372795",7.5
"G12_6",18,"Female","WT+MTX","C11372795",7.4
"G12_7",18,"Female","KO+Saline","C11372795",7.2
"G12_1",19,"Male","KO+MTX","C11372795",8.2
"G12_5",19,"Female","WT+Saline","C11372795",7.7
"G12_6",19,"Female","WT+MTX","C11372795",7.5
"G12_7",19,"Female","KO+Saline","C11372795",7.4
"G12_1",20,"Male","KO+MTX","C11372795",8.3
"G12_5",20,"Female","WT+Saline","C11372795",8.4
"G12_6",20,"Female","WT+MTX","C11372795",7.7
"G12_7",20,"Female","KO+Saline","C11372795",8
"G12_1",21,"Male","KO+MTX","C11372795",8.3
"G12_5",21,"Female","WT+Saline","C11372795",9.1
"G12_6",21,"Female","WT+MTX","C11372795",7.9
"G12_7",21,"Female","KO+Saline","C11372795",8.5
"G12_1",22,"Male","KO+MTX","C11372795",8.2
"G12_5",22,"Female","WT+Saline","C11372795",9.3
"G12_6",22,"Female","WT+MTX","C11372795",7.7
"G12_7",22,"Female","KO+Saline","C11372795",9
"G12_1",23,"Male","KO+MTX","C11372795",8.1
"G12_5",23,"Female","WT+Saline","C11372795",9.9
"G12_6",23,"Female","WT+MTX","C11372795",7.3
"G12_7",23,"Female","KO+Saline","C11372795",9.5
"G12_1",24,"Male","KO+MTX","C11372795",7.8
"G12_5",24,"Female","WT+Saline","C11372795",11.2
"G12_6",24,"Female","WT+MTX","C11372795",6.8
"G12_7",24,"Female","KO+Saline","C11372795",10.6
"G12_1",25,"Male","KO+MTX","C11372795",8.2
"G12_5",25,"Female","WT+Saline","C11372795",12
"G12_6",25,"Female","WT+MTX","C11372795",6.8
"G12_7",25,"Female","KO+Saline","C11372795",11.4
"G12_1",26,"Male","KO+MTX","C11372795",9.4
"G12_5",26,"Female","WT+Saline","C11372795",12.6
"G12_6",26,"Female","WT+MTX","C11372795",8
"G12_7",26,"Female","KO+Saline","C11372795",12
"G12_1",27,"Male","KO+MTX","C11372795",10.6
"G12_5",27,"Female","WT+Saline","C11372795",13.2
"G12_6",27,"Female","WT+MTX","C11372795",8.9
"G12_7",27,"Female","KO+Saline","C11372795",12.9
"G12_1",35,"Male","KO+MTX","C11372795",18.4
"G12_5",35,"Female","WT+Saline","C11372795",15.9
"G12_6",35,"Female","WT+MTX","C11372795",14.5
"G12_7",35,"Female","KO+Saline","C11372795",15.4
"G12_1",41,"Male","KO+MTX","C11372795",21.4
"G12_5",41,"Female","WT+Saline","C11372795",16.6
"G12_6",41,"Female","WT+MTX","C11372795",17.6
"G12_7",41,"Female","KO+Saline","C11372795",14.7
"G12_1",49,"Male","KO+MTX","C11372795",23.9
"G12_5",49,"Female","WT+Saline","C11372795",17
"G12_6",49,"Female","WT+MTX","C11372795",18.3
"G12_7",49,"Female","KO+Saline","C11372795",15.3
"G12_1",56,"Male","KO+MTX","C11372795",24.9
"G12_5",56,"Female","WT+Saline","C11372795",18.8
"G12_6",56,"Female","WT+MTX","C11372795",18.2
"G12_7",56,"Female","KO+Saline","C11372795",15
"G12_1",62,"Male","KO+MTX","C11372795",26
"G12_5",62,"Female","WT+Saline","C11372795",19.3
"G12_6",62,"Female","WT+MTX","C11372795",19
"G12_7",62,"Female","KO+Saline","C11372795",16.4
"G13_1",13,"Male","KO+MTX","C11372814",7.1
"G13_7",13,"Male","WT+Saline","C11372814",6.2
"G13_8",13,"Male","KO+MTX","C11372814",6.7
"G13_9",13,"Female","WT+Saline","C11372814",6.3
"G13_12",13,"Female","KO+Saline","C11372814",6.3
"G13_1",17,"Male","KO+MTX","C11372814",7
"G13_7",17,"Male","WT+Saline","C11372814",6
"G13_8",17,"Male","KO+MTX","C11372814",6.4
"G13_9",17,"Female","WT+Saline","C11372814",6.2
"G13_12",17,"Female","KO+Saline","C11372814",6.3
"G13_1",18,"Male","KO+MTX","C11372814",7.2
"G13_7",18,"Male","WT+Saline","C11372814",6.4
"G13_8",18,"Male","KO+MTX","C11372814",6.5
"G13_9",18,"Female","WT+Saline","C11372814",6.4
"G13_12",18,"Female","KO+Saline","C11372814",6.4
"G13_1",19,"Male","KO+MTX","C11372814",7.6
"G13_7",19,"Male","WT+Saline","C11372814",6.8
"G13_8",19,"Male","KO+MTX","C11372814",7
"G13_9",19,"Female","WT+Saline","C11372814",6.8
"G13_12",19,"Female","KO+Saline","C11372814",6.7
"G13_1",20,"Male","KO+MTX","C11372814",7.7
"G13_7",20,"Male","WT+Saline","C11372814",7.7
"G13_8",20,"Male","KO+MTX","C11372814",7.6
"G13_9",20,"Female","WT+Saline","C11372814",7.6
"G13_12",20,"Female","KO+Saline","C11372814",7.1
"G13_1",21,"Male","KO+MTX","C11372814",7.6
"G13_7",21,"Male","WT+Saline","C11372814",8.4
"G13_8",21,"Male","KO+MTX","C11372814",7.8
"G13_9",21,"Female","WT+Saline","C11372814",8.2
"G13_12",21,"Female","KO+Saline","C11372814",7.2
"G13_1",22,"Male","KO+MTX","C11372814",7.2
"G13_7",22,"Male","WT+Saline","C11372814",9.1
"G13_8",22,"Male","KO+MTX","C11372814",8.3
"G13_9",22,"Female","WT+Saline","C11372814",8.7
"G13_12",22,"Female","KO+Saline","C11372814",7.7
"G13_1",23,"Male","KO+MTX","C11372814",6.9
"G13_7",23,"Male","WT+Saline","C11372814",10
"G13_8",23,"Male","KO+MTX","C11372814",9.1
"G13_9",23,"Female","WT+Saline","C11372814",9.5
"G13_12",23,"Female","KO+Saline","C11372814",8.6
"G13_1",24,"Male","KO+MTX","C11372814",6.5
"G13_7",24,"Male","WT+Saline","C11372814",10.9
"G13_8",24,"Male","KO+MTX","C11372814",9.4
"G13_9",24,"Female","WT+Saline","C11372814",10.2
"G13_12",24,"Female","KO+Saline","C11372814",9.4
"G13_1",25,"Male","KO+MTX","C11372814",6.9
"G13_7",25,"Male","WT+Saline","C11372814",11.7
"G13_8",25,"Male","KO+MTX","C11372814",10.1
"G13_9",25,"Female","WT+Saline","C11372814",11.4
"G13_12",25,"Female","KO+Saline","C11372814",10.2
"G13_1",26,"Male","KO+MTX","C11372814",7.2
"G13_7",26,"Male","WT+Saline","C11372814",12.5
"G13_8",26,"Male","KO+MTX","C11372814",11
"G13_9",26,"Female","WT+Saline","C11372814",11.9
"G13_12",26,"Female","KO+Saline","C11372814",11.1
"G13_1",27,"Male","KO+MTX","C11372814",8.4
"G13_7",27,"Male","WT+Saline","C11372814",14.1
"G13_8",27,"Male","KO+MTX","C11372814",12.2
"G13_9",27,"Female","WT+Saline","C11372814",13
"G13_12",27,"Female","KO+Saline","C11372814",12.1
"G13_1",35,"Male","KO+MTX","C11372814",16
"G13_7",35,"Male","WT+Saline","C11372814",18.1
"G13_8",35,"Male","KO+MTX","C11372814",16.9
"G13_9",35,"Female","WT+Saline","C11372814",14.8
"G13_12",35,"Female","KO+Saline","C11372814",16.2
"G13_1",41,"Male","KO+MTX","C11372814",19.4
"G13_7",41,"Male","WT+Saline","C11372814",19.8
"G13_8",41,"Male","KO+MTX","C11372814",19
"G13_9",41,"Female","WT+Saline","C11372814",15.5
"G13_12",41,"Female","KO+Saline","C11372814",15.9
"G13_1",49,"Male","KO+MTX","C11372814",21.6
"G13_7",49,"Male","WT+Saline","C11372814",21
"G13_8",49,"Male","KO+MTX","C11372814",21.1
"G13_9",49,"Female","WT+Saline","C11372814",16.1
"G13_12",49,"Female","KO+Saline","C11372814",16.6
"G13_1",56,"Male","KO+MTX","C11372814",23.7
"G13_7",56,"Male","WT+Saline","C11372814",22.5
"G13_8",56,"Male","KO+MTX","C11372814",23.3
"G13_9",56,"Female","WT+Saline","C11372814",18
"G13_12",56,"Female","KO+Saline","C11372814",17
"G13_1",62,"Male","KO+MTX","C11372814",25
"G13_7",62,"Male","WT+Saline","C11372814",24.2
"G13_8",62,"Male","KO+MTX","C11372814",23.5
"G13_9",62,"Female","WT+Saline","C11372814",18.3
"G13_12",62,"Female","KO+Saline","C11372814",17.9
"G14_4",13,"Female","KO+MTX","C11429522",6.8
"G14_5",13,"Female","KO+Saline","C11429522",6.4
"G14_8",13,"Female","WT+Saline","C11429522",6.7
"G14_4",17,"Female","KO+MTX","C11429522",6.7
"G14_5",17,"Female","KO+Saline","C11429522",6.4
"G14_8",17,"Female","WT+Saline","C11429522",6.9
"G14_4",18,"Female","KO+MTX","C11429522",7
"G14_5",18,"Female","KO+Saline","C11429522",6.6
"G14_8",18,"Female","WT+Saline","C11429522",7.3
"G14_4",19,"Female","KO+MTX","C11429522",7.1
"G14_5",19,"Female","KO+Saline","C11429522",6.7
"G14_8",19,"Female","WT+Saline","C11429522",7.7
"G14_4",20,"Female","KO+MTX","C11429522",7.2
"G14_5",20,"Female","KO+Saline","C11429522",7.3
"G14_8",20,"Female","WT+Saline","C11429522",8.2
"G14_4",21,"Female","KO+MTX","C11429522",7.2
"G14_5",21,"Female","KO+Saline","C11429522",8
"G14_8",21,"Female","WT+Saline","C11429522",9.1
"G14_4",22,"Female","KO+MTX","C11429522",7.2
"G14_5",22,"Female","KO+Saline","C11429522",8.8
"G14_8",22,"Female","WT+Saline","C11429522",9.9
"G14_4",23,"Female","KO+MTX","C11429522",7.1
"G14_5",23,"Female","KO+Saline","C11429522",9.7
"G14_8",23,"Female","WT+Saline","C11429522",10.7
"G14_4",24,"Female","KO+MTX","C11429522",6.9
"G14_5",24,"Female","KO+Saline","C11429522",10.1
"G14_8",24,"Female","WT+Saline","C11429522",11.3
"G14_4",25,"Female","KO+MTX","C11429522",6.8
"G14_5",25,"Female","KO+Saline","C11429522",11.3
"G14_8",25,"Female","WT+Saline","C11429522",12.6
"G14_4",26,"Female","KO+MTX","C11429522",6.4
"G14_5",26,"Female","KO+Saline","C11429522",12
"G14_8",26,"Female","WT+Saline","C11429522",13.3
"G14_4",27,"Female","KO+MTX","C11429522",6.8
"G14_5",27,"Female","KO+Saline","C11429522",12.9
"G14_8",27,"Female","WT+Saline","C11429522",14.2
"G14_4",35,"Female","KO+MTX","C11429522",13.4
"G14_5",35,"Female","KO+Saline","C11429522",16.7
"G14_8",35,"Female","WT+Saline","C11429522",16.2
"G14_4",41,"Female","KO+MTX","C11429522",17.4
"G14_5",41,"Female","KO+Saline","C11429522",17.2
"G14_8",41,"Female","WT+Saline","C11429522",17.5
"G14_4",49,"Female","KO+MTX","C11429522",18
"G14_5",49,"Female","KO+Saline","C11429522",18.2
"G14_8",49,"Female","WT+Saline","C11429522",18.5
"G14_4",56,"Female","KO+MTX","C11429522",18.9
"G14_5",56,"Female","KO+Saline","C11429522",18.7
"G14_8",56,"Female","WT+Saline","C11429522",19.6
"G14_4",62,"Female","KO+MTX","C11429522",18.4
"G14_5",62,"Female","KO+Saline","C11429522",19.3
"G14_8",62,"Female","WT+Saline","C11429522",19.3
"G15_7",13,"Female","WT+Saline","C11429505",6.1
"G15_7",17,"Female","WT+Saline","C11429505",5.9
"G15_7",18,"Female","WT+Saline","C11429505",6.1
"G15_7",19,"Female","WT+Saline","C11429505",6.5
"G15_7",20,"Female","WT+Saline","C11429505",7
"G15_7",21,"Female","WT+Saline","C11429505",7.7
"G15_7",22,"Female","WT+Saline","C11429505",8.3
"G15_7",23,"Female","WT+Saline","C11429505",9.2
"G15_7",24,"Female","WT+Saline","C11429505",10.1
"G15_7",25,"Female","WT+Saline","C11429505",11.1
"G15_7",26,"Female","WT+Saline","C11429505",11.9
"G15_7",27,"Female","WT+Saline","C11429505",12.4
"G15_7",35,"Female","WT+Saline","C11429505",17.3
"G15_7",41,"Female","WT+Saline","C11429505",17.1
"G15_7",49,"Female","WT+Saline","C11429505",18.2
"G15_7",56,"Female","WT+Saline","C11429505",18.9
"G15_7",62,"Female","WT+Saline","C11429505",20
"G16_4",13,"Female","WT+Saline","C11429514",5.8
"G16_5",13,"Female","KO+MTX","C11429514",6.3
"G16_6",13,"Female","WT+MTX","C11429514",7
"G16_4",17,"Female","WT+Saline","C11429514",5.5
"G16_5",17,"Female","KO+MTX","C11429514",6
"G16_6",17,"Female","WT+MTX","C11429514",6.8
"G16_4",18,"Female","WT+Saline","C11429514",5.8
"G16_5",18,"Female","KO+MTX","C11429514",6.1
"G16_6",18,"Female","WT+MTX","C11429514",7
"G16_4",19,"Female","WT+Saline","C11429514",6.4
"G16_5",19,"Female","KO+MTX","C11429514",6.3
"G16_6",19,"Female","WT+MTX","C11429514",7.4
"G16_4",20,"Female","WT+Saline","C11429514",6.9
"G16_5",20,"Female","KO+MTX","C11429514",6.3
"G16_6",20,"Female","WT+MTX","C11429514",7.5
"G16_4",21,"Female","WT+Saline","C11429514",7.4
"G16_5",21,"Female","KO+MTX","C11429514",6.1
"G16_6",21,"Female","WT+MTX","C11429514",7.4
"G16_4",22,"Female","WT+Saline","C11429514",7.9
"G16_5",22,"Female","KO+MTX","C11429514",6.1
"G16_6",22,"Female","WT+MTX","C11429514",7.4
"G16_4",23,"Female","WT+Saline","C11429514",8.9
"G16_5",23,"Female","KO+MTX","C11429514",6.1
"G16_6",23,"Female","WT+MTX","C11429514",7.1
"G16_4",24,"Female","WT+Saline","C11429514",9.8
"G16_5",24,"Female","KO+MTX","C11429514",6.1
"G16_6",24,"Female","WT+MTX","C11429514",6.8
"G16_4",25,"Female","WT+Saline","C11429514",10.4
"G16_5",25,"Female","KO+MTX","C11429514",5.8
"G16_6",25,"Female","WT+MTX","C11429514",6.8
"G16_4",26,"Female","WT+Saline","C11429514",11.3
"G16_5",26,"Female","KO+MTX","C11429514",6.1
"G16_6",26,"Female","WT+MTX","C11429514",7.2
"G16_4",27,"Female","WT+Saline","C11429514",12
"G16_5",27,"Female","KO+MTX","C11429514",6.4
"G16_6",27,"Female","WT+MTX","C11429514",7.9
"G16_4",35,"Female","WT+Saline","C11429514",15.2
"G16_5",35,"Female","KO+MTX","C11429514",12.2
"G16_6",35,"Female","WT+MTX","C11429514",13.8
"G16_4",41,"Female","WT+Saline","C11429514",15.8
"G16_5",41,"Female","KO+MTX","C11429514",15.7
"G16_6",41,"Female","WT+MTX","C11429514",17.9
"G16_4",49,"Female","WT+Saline","C11429514",15.9
"G16_5",49,"Female","KO+MTX","C11429514",15.6
"G16_6",49,"Female","WT+MTX","C11429514",18.1
"G16_4",56,"Female","WT+Saline","C11429514",16.2
"G16_5",56,"Female","KO+MTX","C11429514",16.4
"G16_6",56,"Female","WT+MTX","C11429514",20.2
"G16_4",62,"Female","WT+Saline","C11429514",18
"G16_5",62,"Female","KO+MTX","C11429514",16.6
"G16_6",62,"Female","WT+MTX","C11429514",20
"G17_3",13,"Male","WT+MTX","C11412700",7.2
"G17_4",13,"Female","WT+Saline","C11412700",7.3
"G17_5",13,"Female","KO+MTX","C11412700",7.1
"G17_3",17,"Male","WT+MTX","C11412700",7.1
"G17_4",17,"Female","WT+Saline","C11412700",7.4
"G17_5",17,"Female","KO+MTX","C11412700",7.5
"G17_3",18,"Male","WT+MTX","C11412700",7.7
"G17_4",18,"Female","WT+Saline","C11412700",7.9
"G17_5",18,"Female","KO+MTX","C11412700",7.8
"G17_3",19,"Male","WT+MTX","C11412700",7.7
"G17_4",19,"Female","WT+Saline","C11412700",8
"G17_5",19,"Female","KO+MTX","C11412700",7.9
"G17_3",20,"Male","WT+MTX","C11412700",7.7
"G17_4",20,"Female","WT+Saline","C11412700",8.4
"G17_5",20,"Female","KO+MTX","C11412700",7.8
"G17_3",21,"Male","WT+MTX","C11412700",8
"G17_4",21,"Female","WT+Saline","C11412700",9.1
"G17_5",21,"Female","KO+MTX","C11412700",7.9
"G17_3",22,"Male","WT+MTX","C11412700",7.9
"G17_4",22,"Female","WT+Saline","C11412700",9.8
"G17_5",22,"Female","KO+MTX","C11412700",8.3
"G17_3",23,"Male","WT+MTX","C11412700",7.7
"G17_4",23,"Female","WT+Saline","C11412700",10.5
"G17_5",23,"Female","KO+MTX","C11412700",9.1
"G17_3",24,"Male","WT+MTX","C11412700",7
"G17_4",24,"Female","WT+Saline","C11412700",11.5
"G17_5",24,"Female","KO+MTX","C11412700",9.3
"G17_3",25,"Male","WT+MTX","C11412700",7.1
"G17_4",25,"Female","WT+Saline","C11412700",12.2
"G17_5",25,"Female","KO+MTX","C11412700",10.5
"G17_3",26,"Male","WT+MTX","C11412700",7.3
"G17_4",26,"Female","WT+Saline","C11412700",12.6
"G17_5",26,"Female","KO+MTX","C11412700",11.2
"G17_3",27,"Male","WT+MTX","C11412700",8.7
"G17_4",27,"Female","WT+Saline","C11412700",13.6
"G17_5",27,"Female","KO+MTX","C11412700",12.1
"G17_3",35,"Male","WT+MTX","C11412700",15.9
"G17_4",35,"Female","WT+Saline","C11412700",16.4
"G17_5",35,"Female","KO+MTX","C11412700",16.3
"G17_3",41,"Male","WT+MTX","C11412700",20.4
"G17_4",41,"Female","WT+Saline","C11412700",17.6
"G17_5",41,"Female","KO+MTX","C11412700",17.7
"G17_3",49,"Male","WT+MTX","C11412700",22.3
"G17_4",49,"Female","WT+Saline","C11412700",18.6
"G17_5",49,"Female","KO+MTX","C11412700",18.8
"G17_3",56,"Male","WT+MTX","C11412700",23.9
"G17_4",56,"Female","WT+Saline","C11412700",19.6
"G17_5",56,"Female","KO+MTX","C11412700",20
"G17_3",62,"Male","WT+MTX","C11412700",24.2
"G17_4",62,"Female","WT+Saline","C11412700",21
"G17_5",62,"Female","KO+MTX","C11412700",21
"G18_2",13,"Male","WT+Saline","C11429596",7.6
"G18_3",13,"Male","KO+Saline","C11429596",7.2
"G18_4",13,"Female","WT+MTX","C11429596",7.3
"G18_2",17,"Male","WT+Saline","C11429596",7.4
"G18_3",17,"Male","KO+Saline","C11429596",7.4
"G18_4",17,"Female","WT+MTX","C11429596",7.6
"G18_2",18,"Male","WT+Saline","C11429596",8.4
"G18_3",18,"Male","KO+Saline","C11429596",8.1
"G18_4",18,"Female","WT+MTX","C11429596",8
"G18_2",19,"Male","WT+Saline","C11429596",8.6
"G18_3",19,"Male","KO+Saline","C11429596",8.5
"G18_4",19,"Female","WT+MTX","C11429596",8.3
"G18_2",20,"Male","WT+Saline","C11429596",8.7
"G18_3",20,"Male","KO+Saline","C11429596",8.7
"G18_4",20,"Female","WT+MTX","C11429596",8.6
"G18_2",21,"Male","WT+Saline","C11429596",9.2
"G18_3",21,"Male","KO+Saline","C11429596",8.8
"G18_4",21,"Female","WT+MTX","C11429596",8.7
"G18_2",22,"Male","WT+Saline","C11429596",10.8
"G18_3",22,"Male","KO+Saline","C11429596",10.3
"G18_4",22,"Female","WT+MTX","C11429596",9
"G18_2",23,"Male","WT+Saline","C11429596",11.3
"G18_3",23,"Male","KO+Saline","C11429596",10.7
"G18_4",23,"Female","WT+MTX","C11429596",9.4
"G18_2",24,"Male","WT+Saline","C11429596",12.2
"G18_3",24,"Male","KO+Saline","C11429596",11.6
"G18_4",24,"Female","WT+MTX","C11429596",9.6
"G18_2",25,"Male","WT+Saline","C11429596",13.4
"G18_3",25,"Male","KO+Saline","C11429596",12.8
"G18_4",25,"Female","WT+MTX","C11429596",10.4
"G18_2",26,"Male","WT+Saline","C11429596",14.1
"G18_3",26,"Male","KO+Saline","C11429596",13.6
"G18_4",26,"Female","WT+MTX","C11429596",11.2
"G18_2",27,"Male","WT+Saline","C11429596",15.2
"G18_3",27,"Male","KO+Saline","C11429596",14.6
"G18_4",27,"Female","WT+MTX","C11429596",12.2
"G18_2",35,"Male","WT+Saline","C11429596",19
"G18_3",35,"Male","KO+Saline","C11429596",18.8
"G18_4",35,"Female","WT+MTX","C11429596",17.3
"G18_2",41,"Male","WT+Saline","C11429596",20.5
"G18_3",41,"Male","KO+Saline","C11429596",20.9
"G18_4",41,"Female","WT+MTX","C11429596",19.3
"G18_2",49,"Male","WT+Saline","C11429596",22.6
"G18_3",49,"Male","KO+Saline","C11429596",23.7
"G18_4",49,"Female","WT+MTX","C11429596",19.8
"G18_2",56,"Male","WT+Saline","C11429596",23.8
"G18_3",56,"Male","KO+Saline","C11429596",25.2
"G18_4",56,"Female","WT+MTX","C11429596",21.2
"G18_2",62,"Male","WT+Saline","C11429596",24.8
"G18_3",62,"Male","KO+Saline","C11429596",25.7
"G18_4",62,"Female","WT+MTX","C11429596",24
"G19_2",13,"Male","KO+Saline","C11444271",6.2
"G19_5",13,"Female","WT+MTX","C11444271",6.9
"G19_6",13,"Female","KO+Saline","C11444271",6.1
"G19_8",13,"Female","KO+MTX","C11444271",6.8
"G19_9",13,"Female","KO+MTX","C11444271",6.9
"G19_2",17,"Male","KO+Saline","C11444271",6.7
"G19_5",17,"Female","WT+MTX","C11444271",6.2
"G19_6",17,"Female","KO+Saline","C11444271",6
"G19_8",17,"Female","KO+MTX","C11444271",7.2
"G19_9",17,"Female","KO+MTX","C11444271",7.1
"G19_2",18,"Male","KO+Saline","C11444271",NA
"G19_5",18,"Female","WT+MTX","C11444271",NA
"G19_6",18,"Female","KO+Saline","C11444271",NA
"G19_8",18,"Female","KO+MTX","C11444271",NA
"G19_9",18,"Female","KO+MTX","C11444271",NA
"G19_2",19,"Male","KO+Saline","C11444271",8.1
"G19_5",19,"Female","WT+MTX","C11444271",6.9
"G19_6",19,"Female","KO+Saline","C11444271",6.2
"G19_8",19,"Female","KO+MTX","C11444271",7.9
"G19_9",19,"Female","KO+MTX","C11444271",7.7
"G19_2",20,"Male","KO+Saline","C11444271",8.2
"G19_5",20,"Female","WT+MTX","C11444271",7
"G19_6",20,"Female","KO+Saline","C11444271",6.6
"G19_8",20,"Female","KO+MTX","C11444271",8.2
"G19_9",20,"Female","KO+MTX","C11444271",7.9
"G19_2",21,"Male","KO+Saline","C11444271",8.9
"G19_5",21,"Female","WT+MTX","C11444271",7
"G19_6",21,"Female","KO+Saline","C11444271",6.9
"G19_8",21,"Female","KO+MTX","C11444271",8.7
"G19_9",21,"Female","KO+MTX","C11444271",8.5
"G19_2",22,"Male","KO+Saline","C11444271",10.1
"G19_5",22,"Female","WT+MTX","C11444271",6.5
"G19_6",22,"Female","KO+Saline","C11444271",7.8
"G19_8",22,"Female","KO+MTX","C11444271",9.7
"G19_9",22,"Female","KO+MTX","C11444271",9.3
"G19_2",23,"Male","KO+Saline","C11444271",10.9
"G19_5",23,"Female","WT+MTX","C11444271",6.3
"G19_6",23,"Female","KO+Saline","C11444271",8.8
"G19_8",23,"Female","KO+MTX","C11444271",10.4
"G19_9",23,"Female","KO+MTX","C11444271",9.6
"G19_2",24,"Male","KO+Saline","C11444271",12.1
"G19_5",24,"Female","WT+MTX","C11444271",5.8
"G19_6",24,"Female","KO+Saline","C11444271",9.8
"G19_8",24,"Female","KO+MTX","C11444271",9.8
"G19_9",24,"Female","KO+MTX","C11444271",9.3
"G19_2",25,"Male","KO+Saline","C11444271",13.2
"G19_5",25,"Female","WT+MTX","C11444271",5.4
"G19_6",25,"Female","KO+Saline","C11444271",10.1
"G19_8",25,"Female","KO+MTX","C11444271",10.7
"G19_9",25,"Female","KO+MTX","C11444271",10.3
"G19_2",26,"Male","KO+Saline","C11444271",14
"G19_5",26,"Female","WT+MTX","C11444271",5
"G19_6",26,"Female","KO+Saline","C11444271",11
"G19_8",26,"Female","KO+MTX","C11444271",11.8
"G19_9",26,"Female","KO+MTX","C11444271",11.2
"G19_2",27,"Male","KO+Saline","C11444271",15
"G19_5",27,"Female","WT+MTX","C11444271",6.6
"G19_6",27,"Female","KO+Saline","C11444271",12
"G19_8",27,"Female","KO+MTX","C11444271",12.6
"G19_9",27,"Female","KO+MTX","C11444271",12.2
"G19_2",35,"Male","KO+Saline","C11444271",19.6
"G19_5",35,"Female","WT+MTX","C11444271",13.8
"G19_6",35,"Female","KO+Saline","C11444271",16.4
"G19_8",35,"Female","KO+MTX","C11444271",15.8
"G19_9",35,"Female","KO+MTX","C11444271",15.5
"G19_2",41,"Male","KO+Saline","C11444271",22
"G19_5",41,"Female","WT+MTX","C11444271",17.8
"G19_6",41,"Female","KO+Saline","C11444271",17.4
"G19_8",41,"Female","KO+MTX","C11444271",17.6
"G19_9",41,"Female","KO+MTX","C11444271",17.4
"G19_2",49,"Male","KO+Saline","C11444271",24
"G19_5",49,"Female","WT+MTX","C11444271",18.3
"G19_6",49,"Female","KO+Saline","C11444271",18.4
"G19_8",49,"Female","KO+MTX","C11444271",17.9
"G19_9",49,"Female","KO+MTX","C11444271",17.7
"G19_2",56,"Male","KO+Saline","C11444271",25.4
"G19_5",56,"Female","WT+MTX","C11444271",19.2
"G19_6",56,"Female","KO+Saline","C11444271",18.9
"G19_8",56,"Female","KO+MTX","C11444271",18.6
"G19_9",56,"Female","KO+MTX","C11444271",18.1
"G19_2",62,"Male","KO+Saline","C11444271",26.2
"G19_5",62,"Female","WT+MTX","C11444271",20.1
"G19_6",62,"Female","KO+Saline","C11444271",20.6
"G19_8",62,"Female","KO+MTX","C11444271",19.5
"G19_9",62,"Female","KO+MTX","C11444271",19.7
"G21_5",13,"Male","WT+MTX","C11437090",6.2
"G21_9",13,"Female","WT+Saline","C11437090",6.1
"G21_5",17,"Male","WT+MTX","C11437090",6.1
"G21_9",17,"Female","WT+Saline","C11437090",6.4
"G21_5",18,"Male","WT+MTX","C11437090",NA
"G21_9",18,"Female","WT+Saline","C11437090",NA
"G21_5",19,"Male","WT+MTX","C11437090",6.8
"G21_9",19,"Female","WT+Saline","C11437090",7.1
"G21_5",20,"Male","WT+MTX","C11437090",6.7
"G21_9",20,"Female","WT+Saline","C11437090",7.4
"G21_5",21,"Male","WT+MTX","C11437090",6.4
"G21_9",21,"Female","WT+Saline","C11437090",7.9
"G21_5",22,"Male","WT+MTX","C11437090",6
"G21_9",22,"Female","WT+Saline","C11437090",8.3
"G21_5",23,"Male","WT+MTX","C11437090",5.8
"G21_9",23,"Female","WT+Saline","C11437090",9.6
"G21_5",24,"Male","WT+MTX","C11437090",6
"G21_9",24,"Female","WT+Saline","C11437090",10.1
"G21_5",25,"Male","WT+MTX","C11437090",5.8
"G21_9",25,"Female","WT+Saline","C11437090",10.9
"G21_5",26,"Male","WT+MTX","C11437090",6.2
"G21_9",26,"Female","WT+Saline","C11437090",11.2
"G21_5",27,"Male","WT+MTX","C11437090",6.9
"G21_9",27,"Female","WT+Saline","C11437090",12.1
"G21_5",35,"Male","WT+MTX","C11437090",13.3
"G21_9",35,"Female","WT+Saline","C11437090",14.5
"G21_5",41,"Male","WT+MTX","C11437090",16.5
"G21_9",41,"Female","WT+Saline","C11437090",15.2
"G21_5",49,"Male","WT+MTX","C11437090",18.9
"G21_9",49,"Female","WT+Saline","C11437090",16.1
"G21_5",56,"Male","WT+MTX","C11437090",21.7
"G21_9",56,"Female","WT+Saline","C11437090",16
"G21_5",62,"Male","WT+MTX","C11437090",22.3
"G21_9",62,"Female","WT+Saline","C11437090",17
"G22_1",13,"Male","WT+MTX","C11444180",9.9
"G22_2",13,"Male","KO+Saline","C11444180",10.2
"G22_3",13,"Male","WT+Saline","C11444180",9.9
"G22_1",17,"Male","WT+MTX","C11444180",9
"G22_2",17,"Male","KO+Saline","C11444180",8.9
"G22_3",17,"Male","WT+Saline","C11444180",7.8
"G22_1",18,"Male","WT+MTX","C11444180",NA
"G22_2",18,"Male","KO+Saline","C11444180",NA
"G22_3",18,"Male","WT+Saline","C11444180",NA
"G22_1",19,"Male","WT+MTX","C11444180",10.9
"G22_2",19,"Male","KO+Saline","C11444180",11
"G22_3",19,"Male","WT+Saline","C11444180",9.7
"G22_1",20,"Male","WT+MTX","C11444180",11.3
"G22_2",20,"Male","KO+Saline","C11444180",11.5
"G22_3",20,"Male","WT+Saline","C11444180",10.3
"G22_1",21,"Male","WT+MTX","C11444180",12.5
"G22_2",21,"Male","KO+Saline","C11444180",12.2
"G22_3",21,"Male","WT+Saline","C11444180",10.9
"G22_1",22,"Male","WT+MTX","C11444180",13.7
"G22_2",22,"Male","KO+Saline","C11444180",13.3
"G22_3",22,"Male","WT+Saline","C11444180",12.1
"G22_1",23,"Male","WT+MTX","C11444180",14.6
"G22_2",23,"Male","KO+Saline","C11444180",14.3
"G22_3",23,"Male","WT+Saline","C11444180",13.1
"G22_1",24,"Male","WT+MTX","C11444180",15.4
"G22_2",24,"Male","KO+Saline","C11444180",15.2
"G22_3",24,"Male","WT+Saline","C11444180",14.2
"G22_1",25,"Male","WT+MTX","C11444180",16.2
"G22_2",25,"Male","KO+Saline","C11444180",15.7
"G22_3",25,"Male","WT+Saline","C11444180",14.6
"G22_1",26,"Male","WT+MTX","C11444180",17.6
"G22_2",26,"Male","KO+Saline","C11444180",16.6
"G22_3",26,"Male","WT+Saline","C11444180",15.5
"G22_1",27,"Male","WT+MTX","C11444180",17.7
"G22_2",27,"Male","KO+Saline","C11444180",16.7
"G22_3",27,"Male","WT+Saline","C11444180",15.9
"G22_1",35,"Male","WT+MTX","C11444180",23.3
"G22_2",35,"Male","KO+Saline","C11444180",21.6
"G22_3",35,"Male","WT+Saline","C11444180",21.3
"G22_1",41,"Male","WT+MTX","C11444180",24.8
"G22_2",41,"Male","KO+Saline","C11444180",23.5
"G22_3",41,"Male","WT+Saline","C11444180",23.4
"G22_1",49,"Male","WT+MTX","C11444180",26.6
"G22_2",49,"Male","KO+Saline","C11444180",26.1
"G22_3",49,"Male","WT+Saline","C11444180",24.7
"G22_1",56,"Male","WT+MTX","C11444180",27.6
"G22_2",56,"Male","KO+Saline","C11444180",26.9
"G22_3",56,"Male","WT+Saline","C11444180",26.5
"G22_1",62,"Male","WT+MTX","C11444180",28.9
"G22_2",62,"Male","KO+Saline","C11444180",26.8
"G22_3",62,"Male","WT+Saline","C11444180",26.7
"G23_8",13,"Female","WT+MTX","C11437088",7
"G23_9",13,"Female","KO+Saline","C11437088",6.9
"G23_8",17,"Female","WT+MTX","C11437088",7.6
"G23_9",17,"Female","KO+Saline","C11437088",5.7
"G23_8",18,"Female","WT+MTX","C11437088",7.7
"G23_9",18,"Female","KO+Saline","C11437088",5.8
"G23_8",19,"Female","WT+MTX","C11437088",7.9
"G23_9",19,"Female","KO+Saline","C11437088",6
"G23_8",20,"Female","WT+MTX","C11437088",8
"G23_9",20,"Female","KO+Saline","C11437088",6.4
"G23_8",21,"Female","WT+MTX","C11437088",8.2
"G23_9",21,"Female","KO+Saline","C11437088",6.8
"G23_8",22,"Female","WT+MTX","C11437088",8.5
"G23_9",22,"Female","KO+Saline","C11437088",7.3
"G23_8",23,"Female","WT+MTX","C11437088",NA
"G23_9",23,"Female","KO+Saline","C11437088",NA
"G23_8",24,"Female","WT+MTX","C11437088",8.4
"G23_9",24,"Female","KO+Saline","C11437088",8.4
"G23_8",25,"Female","WT+MTX","C11437088",9.1
"G23_9",25,"Female","KO+Saline","C11437088",8.8
"G23_8",26,"Female","WT+MTX","C11437088",10.2
"G23_9",26,"Female","KO+Saline","C11437088",9.4
"G23_8",27,"Female","WT+MTX","C11437088",10.8
"G23_9",27,"Female","KO+Saline","C11437088",10.1
"G23_8",35,"Female","WT+MTX","C11437088",15.9
"G23_9",35,"Female","KO+Saline","C11437088",14.4
"G23_8",41,"Female","WT+MTX","C11437088",18.1
"G23_9",41,"Female","KO+Saline","C11437088",17
"G23_8",49,"Female","WT+MTX","C11437088",18.8
"G23_9",49,"Female","KO+Saline","C11437088",16.3
"G23_8",56,"Female","WT+MTX","C11437088",19.8
"G23_9",56,"Female","KO+Saline","C11437088",17.4
"G23_8",62,"Female","WT+MTX","C11437088",20
"G23_9",62,"Female","KO+Saline","C11437088",18.6
"G24_4",13,"Female","WT+Saline","C11444167",7.4
"G24_7",13,"Female","KO+MTX","C11444167",7.4
"G24_4",17,"Female","WT+Saline","C11444167",7.7
"G24_7",17,"Female","KO+MTX","C11444167",7.2
"G24_4",18,"Female","WT+Saline","C11444167",8
"G24_7",18,"Female","KO+MTX","C11444167",6.9
"G24_4",19,"Female","WT+Saline","C11444167",8.3
"G24_7",19,"Female","KO+MTX","C11444167",7.1
"G24_4",20,"Female","WT+Saline","C11444167",8.9
"G24_7",20,"Female","KO+MTX","C11444167",6.6
"G24_4",21,"Female","WT+Saline","C11444167",9.8
"G24_7",21,"Female","KO+MTX","C11444167",6.3
"G24_4",22,"Female","WT+Saline","C11444167",10.3
"G24_7",22,"Female","KO+MTX","C11444167",6.1
"G24_4",23,"Female","WT+Saline","C11444167",NA
"G24_7",23,"Female","KO+MTX","C11444167",NA
"G24_4",24,"Female","WT+Saline","C11444167",12.5
"G24_7",24,"Female","KO+MTX","C11444167",6.1
"G24_4",25,"Female","WT+Saline","C11444167",13.2
"G24_7",25,"Female","KO+MTX","C11444167",6
"G24_4",26,"Female","WT+Saline","C11444167",13.8
"G24_7",26,"Female","KO+MTX","C11444167",6
"G24_4",27,"Female","WT+Saline","C11444167",14.5
"G24_7",27,"Female","KO+MTX","C11444167",6.3
"G24_4",35,"Female","WT+Saline","C11444167",17.7
"G24_7",35,"Female","KO+MTX","C11444167",13.6
"G24_4",41,"Female","WT+Saline","C11444167",18.1
"G24_7",41,"Female","KO+MTX","C11444167",17
"G24_4",49,"Female","WT+Saline","C11444167",19.4
"G24_7",49,"Female","KO+MTX","C11444167",18.4
"G24_4",56,"Female","WT+Saline","C11444167",21
"G24_7",56,"Female","KO+MTX","C11444167",19.3
"G24_4",62,"Female","WT+Saline","C11444167",22.9
"G24_7",62,"Female","KO+MTX","C11444167",19.2
"G25_1",13,"Female","WT+MTX","C11473177",9.3
"G25_1",17,"Female","WT+MTX","C11473177",9.5
"G25_1",18,"Female","WT+MTX","C11473177",9.6
"G25_1",19,"Female","WT+MTX","C11473177",9.9
"G25_1",20,"Female","WT+MTX","C11473177",10
"G25_1",21,"Female","WT+MTX","C11473177",10.5
"G25_1",22,"Female","WT+MTX","C11473177",10.7
"G25_1",23,"Female","WT+MTX","C11473177",10.1
"G25_1",24,"Female","WT+MTX","C11473177",9.3
"G25_1",25,"Female","WT+MTX","C11473177",9.5
"G25_1",26,"Female","WT+MTX","C11473177",10.5
"G25_1",27,"Female","WT+MTX","C11473177",11.1
"G25_1",35,"Female","WT+MTX","C11473177",17.5
"G25_1",41,"Female","WT+MTX","C11473177",19.7
"G25_1",49,"Female","WT+MTX","C11473177",18.5
"G25_1",56,"Female","WT+MTX","C11473177",18.5
"G25_1",62,"Female","WT+MTX","C11473177",20
"G27_2",13,"Male","WT+Saline","C11480872",7.7
"G27_4",13,"Female","KO+MTX","C11480872",7.3
"G27_6",13,"Female","KO+Saline","C11480872",7.1
"G27_2",17,"Male","WT+Saline","C11480872",8.2
"G27_4",17,"Female","KO+MTX","C11480872",7.4
"G27_6",17,"Female","KO+Saline","C11480872",7.5
"G27_2",18,"Male","WT+Saline","C11480872",8.5
"G27_4",18,"Female","KO+MTX","C11480872",7.8
"G27_6",18,"Female","KO+Saline","C11480872",7.6
"G27_2",19,"Male","WT+Saline","C11480872",9
"G27_4",19,"Female","KO+MTX","C11480872",7.7
"G27_6",19,"Female","KO+Saline","C11480872",7.5
"G27_2",20,"Male","WT+Saline","C11480872",9.4
"G27_4",20,"Female","KO+MTX","C11480872",7.7
"G27_6",20,"Female","KO+Saline","C11480872",8
"G27_2",21,"Male","WT+Saline","C11480872",10.6
"G27_4",21,"Female","KO+MTX","C11480872",7.8
"G27_6",21,"Female","KO+Saline","C11480872",8.8
"G27_2",22,"Male","WT+Saline","C11480872",11.2
"G27_4",22,"Female","KO+MTX","C11480872",7.6
"G27_6",22,"Female","KO+Saline","C11480872",9.5
"G27_2",23,"Male","WT+Saline","C11480872",12.2
"G27_4",23,"Female","KO+MTX","C11480872",6.7
"G27_6",23,"Female","KO+Saline","C11480872",10.1
"G27_2",24,"Male","WT+Saline","C11480872",13
"G27_4",24,"Female","KO+MTX","C11480872",6.7
"G27_6",24,"Female","KO+Saline","C11480872",10.1
"G27_2",25,"Male","WT+Saline","C11480872",14.4
"G27_4",25,"Female","KO+MTX","C11480872",6.9
"G27_6",25,"Female","KO+Saline","C11480872",11.4
"G27_2",26,"Male","WT+Saline","C11480872",15.3
"G27_4",26,"Female","KO+MTX","C11480872",6.7
"G27_6",26,"Female","KO+Saline","C11480872",12.4
"G27_2",27,"Male","WT+Saline","C11480872",15.9
"G27_4",27,"Female","KO+MTX","C11480872",6.8
"G27_6",27,"Female","KO+Saline","C11480872",12.8
"G27_2",35,"Male","WT+Saline","C11480872",20.1
"G27_4",35,"Female","KO+MTX","C11480872",13.6
"G27_6",35,"Female","KO+Saline","C11480872",16.4
"G27_2",41,"Male","WT+Saline","C11480872",21.6
"G27_4",41,"Female","KO+MTX","C11480872",17.1
"G27_6",41,"Female","KO+Saline","C11480872",18.7
"G27_2",49,"Male","WT+Saline","C11480872",23
"G27_4",49,"Female","KO+MTX","C11480872",18
"G27_6",49,"Female","KO+Saline","C11480872",17.8
"G27_2",56,"Male","WT+Saline","C11480872",23.9
"G27_4",56,"Female","KO+MTX","C11480872",20.2
"G27_6",56,"Female","KO+Saline","C11480872",18.4
"G27_2",62,"Male","WT+Saline","C11480872",24.8
"G27_4",62,"Female","KO+MTX","C11480872",20.8
"G27_6",62,"Female","KO+Saline","C11480872",19.6
"G28_2",13,"Male","WT+Saline","C11462354",7.3
"G28_3",13,"Male","KO+MTX","C11462354",7.2
"G28_4",13,"Female","WT+Saline","C11462354",7.4
"G28_6",13,"Female","KO+MTX","C11462354",7.2
"G28_8",13,"Female","WT+MTX","C11462354",7.3
"G28_2",17,"Male","WT+Saline","C11462354",7.4
"G28_3",17,"Male","KO+MTX","C11462354",7.7
"G28_4",17,"Female","WT+Saline","C11462354",6.3
"G28_6",17,"Female","KO+MTX","C11462354",7.4
"G28_8",17,"Female","WT+MTX","C11462354",7.4
"G28_2",18,"Male","WT+Saline","C11462354",7.7
"G28_3",18,"Male","KO+MTX","C11462354",7.7
"G28_4",18,"Female","WT+Saline","C11462354",6.6
"G28_6",18,"Female","KO+MTX","C11462354",7.7
"G28_8",18,"Female","WT+MTX","C11462354",7.7
"G28_2",19,"Male","WT+Saline","C11462354",8.5
"G28_3",19,"Male","KO+MTX","C11462354",8.1
"G28_4",19,"Female","WT+Saline","C11462354",7.3
"G28_6",19,"Female","KO+MTX","C11462354",7.9
"G28_8",19,"Female","WT+MTX","C11462354",8.1
"G28_2",20,"Male","WT+Saline","C11462354",8.8
"G28_3",20,"Male","KO+MTX","C11462354",8.2
"G28_4",20,"Female","WT+Saline","C11462354",7.7
"G28_6",20,"Female","KO+MTX","C11462354",8
"G28_8",20,"Female","WT+MTX","C11462354",8.1
"G28_2",21,"Male","WT+Saline","C11462354",9
"G28_3",21,"Male","KO+MTX","C11462354",8.3
"G28_4",21,"Female","WT+Saline","C11462354",8.4
"G28_6",21,"Female","KO+MTX","C11462354",7.8
"G28_8",21,"Female","WT+MTX","C11462354",8.4
"G28_2",22,"Male","WT+Saline","C11462354",10
"G28_3",22,"Male","KO+MTX","C11462354",8.3
"G28_4",22,"Female","WT+Saline","C11462354",8.9
"G28_6",22,"Female","KO+MTX","C11462354",7.6
"G28_8",22,"Female","WT+MTX","C11462354",8.5
"G28_2",23,"Male","WT+Saline","C11462354",10.7
"G28_3",23,"Male","KO+MTX","C11462354",8.4
"G28_4",23,"Female","WT+Saline","C11462354",9.8
"G28_6",23,"Female","KO+MTX","C11462354",7.1
"G28_8",23,"Female","WT+MTX","C11462354",8.5
"G28_2",24,"Male","WT+Saline","C11462354",11.4
"G28_3",24,"Male","KO+MTX","C11462354",8.8
"G28_4",24,"Female","WT+Saline","C11462354",11.1
"G28_6",24,"Female","KO+MTX","C11462354",6.7
"G28_8",24,"Female","WT+MTX","C11462354",8
"G28_2",25,"Male","WT+Saline","C11462354",12.3
"G28_3",25,"Male","KO+MTX","C11462354",9.5
"G28_4",25,"Female","WT+Saline","C11462354",12
"G28_6",25,"Female","KO+MTX","C11462354",7
"G28_8",25,"Female","WT+MTX","C11462354",8
"G28_2",26,"Male","WT+Saline","C11462354",13.3
"G28_3",26,"Male","KO+MTX","C11462354",10
"G28_4",26,"Female","WT+Saline","C11462354",12.6
"G28_6",26,"Female","KO+MTX","C11462354",6.5
"G28_8",26,"Female","WT+MTX","C11462354",8.8
"G28_2",27,"Male","WT+Saline","C11462354",14.4
"G28_3",27,"Male","KO+MTX","C11462354",10
"G28_4",27,"Female","WT+Saline","C11462354",13.6
"G28_6",27,"Female","KO+MTX","C11462354",6.7
"G28_8",27,"Female","WT+MTX","C11462354",9.9
"G28_2",35,"Male","WT+Saline","C11462354",19.1
"G28_3",35,"Male","KO+MTX","C11462354",13.7
"G28_4",35,"Female","WT+Saline","C11462354",16.6
"G28_6",35,"Female","KO+MTX","C11462354",13.5
"G28_8",35,"Female","WT+MTX","C11462354",14.8
"G28_2",41,"Male","WT+Saline","C11462354",22.1
"G28_3",41,"Male","KO+MTX","C11462354",18.2
"G28_4",41,"Female","WT+Saline","C11462354",17.7
"G28_6",41,"Female","KO+MTX","C11462354",17.9
"G28_8",41,"Female","WT+MTX","C11462354",18.2
"G28_2",49,"Male","WT+Saline","C11462354",24.4
"G28_3",49,"Male","KO+MTX","C11462354",19.7
"G28_4",49,"Female","WT+Saline","C11462354",19.2
"G28_6",49,"Female","KO+MTX","C11462354",17.8
"G28_8",49,"Female","WT+MTX","C11462354",17.8
"G28_2",56,"Male","WT+Saline","C11462354",26.3
"G28_3",56,"Male","KO+MTX","C11462354",22.3
"G28_4",56,"Female","WT+Saline","C11462354",19
"G28_6",56,"Female","KO+MTX","C11462354",18.4
"G28_8",56,"Female","WT+MTX","C11462354",19.1
"G28_2",62,"Male","WT+Saline","C11462354",27.2
"G28_3",62,"Male","KO+MTX","C11462354",23.4
"G28_4",62,"Female","WT+Saline","C11462354",20.8
"G28_6",62,"Female","KO+MTX","C11462354",18.6
"G28_8",62,"Female","WT+MTX","C11462354",20.7
"G29_1",13,"Male","WT+MTX","C11473226",7.9
"G29_2",13,"Male","WT+Saline","C11473226",8
"G29_4",13,"Female","WT+MTX","C11473226",7.4
"G29_7",13,"Female","WT+Saline","C11473226",7.3
"G29_1",17,"Male","WT+MTX","C11473226",7.8
"G29_2",17,"Male","WT+Saline","C11473226",6.7
"G29_4",17,"Female","WT+MTX","C11473226",7.6
"G29_7",17,"Female","WT+Saline","C11473226",7.3
"G29_1",18,"Male","WT+MTX","C11473226",8.1
"G29_2",18,"Male","WT+Saline","C11473226",7
"G29_4",18,"Female","WT+MTX","C11473226",7.9
"G29_7",18,"Female","WT+Saline","C11473226",7.8
"G29_1",19,"Male","WT+MTX","C11473226",8.6
"G29_2",19,"Male","WT+Saline","C11473226",7.7
"G29_4",19,"Female","WT+MTX","C11473226",8.2
"G29_7",19,"Female","WT+Saline","C11473226",8.3
"G29_1",20,"Male","WT+MTX","C11473226",9
"G29_2",20,"Male","WT+Saline","C11473226",8.3
"G29_4",20,"Female","WT+MTX","C11473226",8.6
"G29_7",20,"Female","WT+Saline","C11473226",8.9
"G29_1",21,"Male","WT+MTX","C11473226",9
"G29_2",21,"Male","WT+Saline","C11473226",8.8
"G29_4",21,"Female","WT+MTX","C11473226",9
"G29_7",21,"Female","WT+Saline","C11473226",9.6
"G29_1",22,"Male","WT+MTX","C11473226",8.8
"G29_2",22,"Male","WT+Saline","C11473226",9.8
"G29_4",22,"Female","WT+MTX","C11473226",9.3
"G29_7",22,"Female","WT+Saline","C11473226",10.4
"G29_1",23,"Male","WT+MTX","C11473226",8
"G29_2",23,"Male","WT+Saline","C11473226",12.9
"G29_4",23,"Female","WT+MTX","C11473226",9.8
"G29_7",23,"Female","WT+Saline","C11473226",11.7
"G29_1",24,"Male","WT+MTX","C11473226",7.7
"G29_2",24,"Male","WT+Saline","C11473226",11.7
"G29_4",24,"Female","WT+MTX","C11473226",10.2
"G29_7",24,"Female","WT+Saline","C11473226",12.4
"G29_1",25,"Male","WT+MTX","C11473226",7.6
"G29_2",25,"Male","WT+Saline","C11473226",12.4
"G29_4",25,"Female","WT+MTX","C11473226",11
"G29_7",25,"Female","WT+Saline","C11473226",13.2
"G29_1",26,"Male","WT+MTX","C11473226",8.3
"G29_2",26,"Male","WT+Saline","C11473226",13.6
"G29_4",26,"Female","WT+MTX","C11473226",12
"G29_7",26,"Female","WT+Saline","C11473226",13.7
"G29_1",27,"Male","WT+MTX","C11473226",9.2
"G29_2",27,"Male","WT+Saline","C11473226",14.8
"G29_4",27,"Female","WT+MTX","C11473226",12.3
"G29_7",27,"Female","WT+Saline","C11473226",14.3
"G29_1",35,"Male","WT+MTX","C11473226",11.3
"G29_2",35,"Male","WT+Saline","C11473226",20.5
"G29_4",35,"Female","WT+MTX","C11473226",16
"G29_7",35,"Female","WT+Saline","C11473226",17.2
"G29_1",41,"Male","WT+MTX","C11473226",20.4
"G29_2",41,"Male","WT+Saline","C11473226",22.5
"G29_4",41,"Female","WT+MTX","C11473226",16.6
"G29_7",41,"Female","WT+Saline","C11473226",17
"G29_1",49,"Male","WT+MTX","C11473226",22.5
"G29_2",49,"Male","WT+Saline","C11473226",24
"G29_4",49,"Female","WT+MTX","C11473226",17.2
"G29_7",49,"Female","WT+Saline","C11473226",17.8
"G29_1",56,"Male","WT+MTX","C11473226",24.9
"G29_2",56,"Male","WT+Saline","C11473226",26.2
"G29_4",56,"Female","WT+MTX","C11473226",18.7
"G29_7",56,"Female","WT+Saline","C11473226",19.4
"G29_1",62,"Male","WT+MTX","C11473226",25.9
"G29_2",62,"Male","WT+Saline","C11473226",27.1
"G29_4",62,"Female","WT+MTX","C11473226",18.1
"G29_7",62,"Female","WT+Saline","C11473226",19.1
"G30_1",13,"Male","WT+MTX","C11480829",8.4
"G30_1",17,"Male","WT+MTX","C11480829",8
"G30_1",18,"Male","WT+MTX","C11480829",8.5
"G30_1",19,"Male","WT+MTX","C11480829",8.8
"G30_1",20,"Male","WT+MTX","C11480829",8.7
"G30_1",21,"Male","WT+MTX","C11480829",8.7
"G30_1",22,"Male","WT+MTX","C11480829",8.1
"G30_1",23,"Male","WT+MTX","C11480829",7.5
"G30_1",24,"Male","WT+MTX","C11480829",7.2
"G30_1",25,"Male","WT+MTX","C11480829",6.7
"G30_1",26,"Male","WT+MTX","C11480829",7.2
"G30_1",27,"Male","WT+MTX","C11480829",7.5
"G30_1",35,"Male","WT+MTX","C11480829",13.8
"G30_1",41,"Male","WT+MTX","C11480829",18.4
"G30_1",49,"Male","WT+MTX","C11480829",20.9
"G30_1",56,"Male","WT+MTX","C11480829",23.4
"G30_1",62,"Male","WT+MTX","C11480829",25
"G31_1",13,"Male","WT+Saline","C11503078",6.7
"G31_2",13,"Female","KO+MTX","C11503078",9.2
"G31_3",13,"Female","KO+Saline","C11503078",9.6
"G31_1",17,"Male","WT+Saline","C11503078",6.4
"G31_2",17,"Female","KO+MTX","C11503078",8.2
"G31_3",17,"Female","KO+Saline","C11503078",8.9
"G31_1",18,"Male","WT+Saline","C11503078",6.7
"G31_2",18,"Female","KO+MTX","C11503078",8.7
"G31_3",18,"Female","KO+Saline","C11503078",9.5
"G31_1",19,"Male","WT+Saline","C11503078",7.5
"G31_2",19,"Female","KO+MTX","C11503078",9
"G31_3",19,"Female","KO+Saline","C11503078",10
"G31_1",20,"Male","WT+Saline","C11503078",8.9
"G31_2",20,"Female","KO+MTX","C11503078",9.8
"G31_3",20,"Female","KO+Saline","C11503078",11.2
"G31_1",21,"Male","WT+Saline","C11503078",8.9
"G31_2",21,"Female","KO+MTX","C11503078",9.8
"G31_3",21,"Female","KO+Saline","C11503078",11.2
"G31_1",22,"Male","WT+Saline","C11503078",9.7
"G31_2",22,"Female","KO+MTX","C11503078",10.4
"G31_3",22,"Female","KO+Saline","C11503078",11.9
"G31_1",23,"Male","WT+Saline","C11503078",10.6
"G31_2",23,"Female","KO+MTX","C11503078",10.9
"G31_3",23,"Female","KO+Saline","C11503078",12.6
"G31_1",24,"Male","WT+Saline","C11503078",11.9
"G31_2",24,"Female","KO+MTX","C11503078",11.3
"G31_3",24,"Female","KO+Saline","C11503078",13.9
"G31_1",25,"Male","WT+Saline","C11503078",12.8
"G31_2",25,"Female","KO+MTX","C11503078",11.8
"G31_3",25,"Female","KO+Saline","C11503078",14.3
"G31_1",26,"Male","WT+Saline","C11503078",13.5
"G31_2",26,"Female","KO+MTX","C11503078",12.3
"G31_3",26,"Female","KO+Saline","C11503078",15.1
"G31_1",27,"Male","WT+Saline","C11503078",14.7
"G31_2",27,"Female","KO+MTX","C11503078",13
"G31_3",27,"Female","KO+Saline","C11503078",16
"G31_1",35,"Male","WT+Saline","C11503078",18.6
"G31_2",35,"Female","KO+MTX","C11503078",16.4
"G31_3",35,"Female","KO+Saline","C11503078",17.9
"G31_1",41,"Male","WT+Saline","C11503078",19.3
"G31_2",41,"Female","KO+MTX","C11503078",17.5
"G31_3",41,"Female","KO+Saline","C11503078",18.5
"G31_1",49,"Male","WT+Saline","C11503078",21
"G31_2",49,"Female","KO+MTX","C11503078",18
"G31_3",49,"Female","KO+Saline","C11503078",19.5
"G31_1",56,"Male","WT+Saline","C11503078",22.2
"G31_2",56,"Female","KO+MTX","C11503078",18.5
"G31_3",56,"Female","KO+Saline","C11503078",20.3
"G31_1",62,"Male","WT+Saline","C11503078",22.5
"G31_2",62,"Female","KO+MTX","C11503078",19.1
"G31_3",62,"Female","KO+Saline","C11503078",20.3
"G32_2",13,"Male","WT+MTX","C11581239",7.4
"G32_3",13,"Female","KO+MTX","C11581239",9.6
"G32_4",13,"Female","WT+Saline","C11581239",7.9
"G32_2",17,"Male","WT+MTX","C11581239",7.6
"G32_3",17,"Female","KO+MTX","C11581239",9.7
"G32_4",17,"Female","WT+Saline","C11581239",8.3
"G32_2",18,"Male","WT+MTX","C11581239",7.9
"G32_3",18,"Female","KO+MTX","C11581239",9.4
"G32_4",18,"Female","WT+Saline","C11581239",8.5
"G32_2",19,"Male","WT+MTX","C11581239",8.2
"G32_3",19,"Female","KO+MTX","C11581239",9.6
"G32_4",19,"Female","WT+Saline","C11581239",8.8
"G32_2",20,"Male","WT+MTX","C11581239",8.4
"G32_3",20,"Female","KO+MTX","C11581239",9.5
"G32_4",20,"Female","WT+Saline","C11581239",9.2
"G32_2",21,"Male","WT+MTX","C11581239",9
"G32_3",21,"Female","KO+MTX","C11581239",9.5
"G32_4",21,"Female","WT+Saline","C11581239",9.9
"G32_2",22,"Male","WT+MTX","C11581239",9.8
"G32_3",22,"Female","KO+MTX","C11581239",9.9
"G32_4",22,"Female","WT+Saline","C11581239",10.7
"G32_2",23,"Male","WT+MTX","C11581239",10.3
"G32_3",23,"Female","KO+MTX","C11581239",10.4
"G32_4",23,"Female","WT+Saline","C11581239",11.2
"G32_2",24,"Male","WT+MTX","C11581239",11
"G32_3",24,"Female","KO+MTX","C11581239",10.2
"G32_4",24,"Female","WT+Saline","C11581239",12
"G32_2",25,"Male","WT+MTX","C11581239",11.5
"G32_3",25,"Female","KO+MTX","C11581239",10.3
"G32_4",25,"Female","WT+Saline","C11581239",12.3
"G32_2",26,"Male","WT+MTX","C11581239",12.6
"G32_3",26,"Female","KO+MTX","C11581239",11.5
"G32_4",26,"Female","WT+Saline","C11581239",13.3
"G32_2",27,"Male","WT+MTX","C11581239",13.6
"G32_3",27,"Female","KO+MTX","C11581239",12.6
"G32_4",27,"Female","WT+Saline","C11581239",13.7
"G32_2",35,"Male","WT+MTX","C11581239",18.9
"G32_3",35,"Female","KO+MTX","C11581239",16.2
"G32_4",35,"Female","WT+Saline","C11581239",15.5
"G32_2",41,"Male","WT+MTX","C11581239",19.3
"G32_3",41,"Female","KO+MTX","C11581239",16.4
"G32_4",41,"Female","WT+Saline","C11581239",15.5
"G32_2",49,"Male","WT+MTX","C11581239",20.4
"G32_3",49,"Female","KO+MTX","C11581239",17.3
"G32_4",49,"Female","WT+Saline","C11581239",16.5
"G32_2",56,"Male","WT+MTX","C11581239",21.5
"G32_3",56,"Female","KO+MTX","C11581239",17.8
"G32_4",56,"Female","WT+Saline","C11581239",16.8
"G32_2",62,"Male","WT+MTX","C11581239",21.9
"G32_3",62,"Female","KO+MTX","C11581239",18.1
"G32_4",62,"Female","WT+Saline","C11581239",17.9
"G33_2",13,"Male","KO+Saline","C11567665",6.9
"G33_3",13,"Male","WT+MTX","C11567665",6.9
"G33_4",13,"Female","KO+Saline","C11567665",7
"G33_5",13,"Female","WT+Saline","C11567665",6.4
"G33_6",13,"Female","WT+MTX","C11567665",6.7
"G33_8",13,"Female","WT+Saline","C11567665",6.7
"G33_2",17,"Male","KO+Saline","C11567665",6.9
"G33_3",17,"Male","WT+MTX","C11567665",7.5
"G33_4",17,"Female","KO+Saline","C11567665",7.3
"G33_5",17,"Female","WT+Saline","C11567665",7.1
"G33_6",17,"Female","WT+MTX","C11567665",7.4
"G33_8",17,"Female","WT+Saline","C11567665",7.2
"G33_2",18,"Male","KO+Saline","C11567665",6.9
"G33_3",18,"Male","WT+MTX","C11567665",7.9
"G33_4",18,"Female","KO+Saline","C11567665",7.6
"G33_5",18,"Female","WT+Saline","C11567665",7.2
"G33_6",18,"Female","WT+MTX","C11567665",7.4
"G33_8",18,"Female","WT+Saline","C11567665",7.5
"G33_2",19,"Male","KO+Saline","C11567665",7.6
"G33_3",19,"Male","WT+MTX","C11567665",8.1
"G33_4",19,"Female","KO+Saline","C11567665",8.2
"G33_5",19,"Female","WT+Saline","C11567665",8.1
"G33_6",19,"Female","WT+MTX","C11567665",8
"G33_8",19,"Female","WT+Saline","C11567665",8.3
"G33_2",20,"Male","KO+Saline","C11567665",8.3
"G33_3",20,"Male","WT+MTX","C11567665",8.2
"G33_4",20,"Female","KO+Saline","C11567665",8.7
"G33_5",20,"Female","WT+Saline","C11567665",8.9
"G33_6",20,"Female","WT+MTX","C11567665",8.2
"G33_8",20,"Female","WT+Saline","C11567665",9.1
"G33_2",21,"Male","KO+Saline","C11567665",9
"G33_3",21,"Male","WT+MTX","C11567665",8.6
"G33_4",21,"Female","KO+Saline","C11567665",9.2
"G33_5",21,"Female","WT+Saline","C11567665",9.5
"G33_6",21,"Female","WT+MTX","C11567665",8.3
"G33_8",21,"Female","WT+Saline","C11567665",9.6
"G33_2",22,"Male","KO+Saline","C11567665",9.4
"G33_3",22,"Male","WT+MTX","C11567665",9
"G33_4",22,"Female","KO+Saline","C11567665",9.6
"G33_5",22,"Female","WT+Saline","C11567665",9.9
"G33_6",22,"Female","WT+MTX","C11567665",8.5
"G33_8",22,"Female","WT+Saline","C11567665",10
"G33_2",23,"Male","KO+Saline","C11567665",9.6
"G33_3",23,"Male","WT+MTX","C11567665",9.7
"G33_4",23,"Female","KO+Saline","C11567665",10.4
"G33_5",23,"Female","WT+Saline","C11567665",10.5
"G33_6",23,"Female","WT+MTX","C11567665",8.6
"G33_8",23,"Female","WT+Saline","C11567665",10.5
"G33_2",24,"Male","KO+Saline","C11567665",11.5
"G33_3",24,"Male","WT+MTX","C11567665",9.7
"G33_4",24,"Female","KO+Saline","C11567665",11.7
"G33_5",24,"Female","WT+Saline","C11567665",11.8
"G33_6",24,"Female","WT+MTX","C11567665",9.5
"G33_8",24,"Female","WT+Saline","C11567665",11.6
"G33_2",25,"Male","KO+Saline","C11567665",13
"G33_3",25,"Male","WT+MTX","C11567665",12.3
"G33_4",25,"Female","KO+Saline","C11567665",13.1
"G33_5",25,"Female","WT+Saline","C11567665",13.2
"G33_6",25,"Female","WT+MTX","C11567665",11.5
"G33_8",25,"Female","WT+Saline","C11567665",13.2
"G33_2",26,"Male","KO+Saline","C11567665",12.9
"G33_3",26,"Male","WT+MTX","C11567665",14.1
"G33_4",26,"Female","KO+Saline","C11567665",14
"G33_5",26,"Female","WT+Saline","C11567665",12.1
"G33_6",26,"Female","WT+MTX","C11567665",13.7
"G33_8",26,"Female","WT+Saline","C11567665",13.2
"G33_2",27,"Male","KO+Saline","C11567665",14
"G33_3",27,"Male","WT+MTX","C11567665",12.9
"G33_4",27,"Female","KO+Saline","C11567665",14.1
"G33_5",27,"Female","WT+Saline","C11567665",14
"G33_6",27,"Female","WT+MTX","C11567665",12.1
"G33_8",27,"Female","WT+Saline","C11567665",13.7
"G33_2",35,"Male","KO+Saline","C11567665",20.1
"G33_3",35,"Male","WT+MTX","C11567665",21.7
"G33_4",35,"Female","KO+Saline","C11567665",16.6
"G33_5",35,"Female","WT+Saline","C11567665",17.9
"G33_6",35,"Female","WT+MTX","C11567665",18.5
"G33_8",35,"Female","WT+Saline","C11567665",17.8
"G33_2",41,"Male","KO+Saline","C11567665",20.6
"G33_3",41,"Male","WT+MTX","C11567665",22.1
"G33_4",41,"Female","KO+Saline","C11567665",16.8
"G33_5",41,"Female","WT+Saline","C11567665",17.2
"G33_6",41,"Female","WT+MTX","C11567665",18.4
"G33_8",41,"Female","WT+Saline","C11567665",17.1
"G33_2",49,"Male","KO+Saline","C11567665",23.9
"G33_3",49,"Male","WT+MTX","C11567665",25.5
"G33_4",49,"Female","KO+Saline","C11567665",18.5
"G33_5",49,"Female","WT+Saline","C11567665",17.7
"G33_6",49,"Female","WT+MTX","C11567665",19.8
"G33_8",49,"Male","WT+Saline","C11567665",18.3
"G33_2",56,"Male","KO+Saline","C11567665",25.2
"G33_3",56,"Male","WT+MTX","C11567665",27
"G33_4",56,"Female","KO+Saline","C11567665",20.2
"G33_5",56,"Female","WT+Saline","C11567665",19.5
"G33_6",56,"Female","WT+MTX","C11567665",20.5
"G33_8",56,"Male","WT+Saline","C11567665",19.8
"G33_2",62,"Male","KO+Saline","C11567665",26.1
"G33_3",62,"Male","WT+MTX","C11567665",28
"G33_4",62,"Female","KO+Saline","C11567665",20.3
"G33_5",62,"Female","WT+Saline","C11567665",19.5
"G33_6",62,"Female","WT+MTX","C11567665",20.7
"G33_8",62,"Male","WT+Saline","C11567665",20.6
"G34_2",13,"Female","KO+MTX","C11570939",8.2
"G34_2",17,"Female","KO+MTX","C11570939",9.2
"G34_2",18,"Female","KO+MTX","C11570939",9
"G34_2",19,"Female","KO+MTX","C11570939",9.2
"G34_2",20,"Female","KO+MTX","C11570939",9.3
"G34_2",21,"Female","KO+MTX","C11570939",9.6
"G34_2",22,"Female","KO+MTX","C11570939",10.1
"G34_2",23,"Female","KO+MTX","C11570939",11.2
"G34_2",24,"Female","KO+MTX","C11570939",11
"G34_2",25,"Female","KO+MTX","C11570939",11.9
"G34_2",26,"Female","KO+MTX","C11570939",12.5
"G34_2",27,"Female","KO+MTX","C11570939",12.9
"G34_2",35,"Female","KO+MTX","C11570939",15.3
"G34_2",41,"Female","KO+MTX","C11570939",15.8
"G34_2",49,"Female","KO+MTX","C11570939",16.6
"G34_2",56,"Female","KO+MTX","C11570939",17.4
"G34_2",62,"Female","KO+MTX","C11570939",17.9
"G35_1",13,"Male","KO+MTX","C11567665",6.8
"G35_2",13,"Male","KO+Saline","C11567665",7.6
"G35_4",13,"Female","KO+MTX","C11567665",7.2
"G35_5",13,"Female","KO+Saline","C11567665",7.1
"G35_6",13,"Female","KO+MTX","C11567665",6.4
"G35_8",13,"Female","KO+Saline","C11567665",7.1
"G35_1",17,"Male","KO+MTX","C11567665",7.2
"G35_2",17,"Male","KO+Saline","C11567665",7.8
"G35_4",17,"Female","KO+MTX","C11567665",7.5
"G35_5",17,"Female","KO+Saline","C11567665",6.1
"G35_6",17,"Female","KO+MTX","C11567665",6.7
"G35_8",17,"Female","KO+Saline","C11567665",7.4
"G35_1",18,"Male","KO+MTX","C11567665",7.2
"G35_2",18,"Male","KO+Saline","C11567665",8
"G35_4",18,"Female","KO+MTX","C11567665",7.4
"G35_5",18,"Female","KO+Saline","C11567665",6.7
"G35_6",18,"Female","KO+MTX","C11567665",6.8
"G35_8",18,"Female","KO+Saline","C11567665",7.7
"G35_1",19,"Male","KO+MTX","C11567665",7.7
"G35_2",19,"Male","KO+Saline","C11567665",8.4
"G35_4",19,"Female","KO+MTX","C11567665",7.8
"G35_5",19,"Female","KO+Saline","C11567665",7.6
"G35_6",19,"Female","KO+MTX","C11567665",7.5
"G35_8",19,"Female","KO+Saline","C11567665",8.1
"G35_1",20,"Male","KO+MTX","C11567665",8.2
"G35_2",20,"Male","KO+Saline","C11567665",9.2
"G35_4",20,"Female","KO+MTX","C11567665",8.1
"G35_5",20,"Female","KO+Saline","C11567665",8.6
"G35_6",20,"Female","KO+MTX","C11567665",7.8
"G35_8",20,"Female","KO+Saline","C11567665",8.7
"G35_1",21,"Male","KO+MTX","C11567665",8.8
"G35_2",21,"Male","KO+Saline","C11567665",10
"G35_4",21,"Female","KO+MTX","C11567665",8.6
"G35_5",21,"Female","KO+Saline","C11567665",9
"G35_6",21,"Female","KO+MTX","C11567665",8.3
"G35_8",21,"Female","KO+Saline","C11567665",9.2
"G35_1",22,"Male","KO+MTX","C11567665",9.2
"G35_2",22,"Male","KO+Saline","C11567665",10.6
"G35_4",22,"Female","KO+MTX","C11567665",9.2
"G35_5",22,"Female","KO+Saline","C11567665",9.2
"G35_6",22,"Female","KO+MTX","C11567665",8.9
"G35_8",22,"Female","KO+Saline","C11567665",9.8
"G35_1",23,"Male","KO+MTX","C11567665",9.9
"G35_2",23,"Male","KO+Saline","C11567665",11.9
"G35_4",23,"Female","KO+MTX","C11567665",9.7
"G35_5",23,"Female","KO+Saline","C11567665",10.2
"G35_6",23,"Female","KO+MTX","C11567665",9.5
"G35_8",23,"Female","KO+Saline","C11567665",10.7
"G35_1",24,"Male","KO+MTX","C11567665",9.5
"G35_2",24,"Male","KO+Saline","C11567665",12.9
"G35_4",24,"Female","KO+MTX","C11567665",9.3
"G35_5",24,"Female","KO+Saline","C11567665",10.7
"G35_6",24,"Female","KO+MTX","C11567665",10.1
"G35_8",24,"Female","KO+Saline","C11567665",11.5
"G35_1",25,"Male","KO+MTX","C11567665",11
"G35_2",25,"Male","KO+Saline","C11567665",14.1
"G35_4",25,"Female","KO+MTX","C11567665",10
"G35_5",25,"Female","KO+Saline","C11567665",11.9
"G35_6",25,"Female","KO+MTX","C11567665",11.3
"G35_8",25,"Female","KO+Saline","C11567665",12.4
"G35_1",26,"Male","KO+MTX","C11567665",12.3
"G35_2",26,"Male","KO+Saline","C11567665",15.2
"G35_4",26,"Female","KO+MTX","C11567665",11.1
"G35_5",26,"Female","KO+Saline","C11567665",13
"G35_6",26,"Female","KO+MTX","C11567665",12.1
"G35_8",26,"Female","KO+Saline","C11567665",13.3
"G35_1",27,"Male","KO+MTX","C11567665",13.3
"G35_2",27,"Male","KO+Saline","C11567665",16.2
"G35_4",27,"Female","KO+MTX","C11567665",11.9
"G35_5",27,"Female","KO+Saline","C11567665",12.9
"G35_6",27,"Female","KO+MTX","C11567665",12.7
"G35_8",27,"Female","KO+Saline","C11567665",13.7
"G35_1",35,"Male","KO+MTX","C11567665",18.2
"G35_2",35,"Male","KO+Saline","C11567665",21.1
"G35_4",35,"Female","KO+MTX","C11567665",17.1
"G35_5",35,"Female","KO+Saline","C11567665",14
"G35_6",35,"Female","KO+MTX","C11567665",16.5
"G35_8",35,"Female","KO+Saline","C11567665",18.1
"G35_1",41,"Male","KO+MTX","C11567665",19.7
"G35_2",41,"Male","KO+Saline","C11567665",22.2
"G35_4",41,"Female","KO+MTX","C11567665",18.1
"G35_5",41,"Female","KO+Saline","C11567665",13.8
"G35_6",41,"Female","KO+MTX","C11567665",16.1
"G35_8",41,"Female","KO+Saline","C11567665",18.3
"G35_1",49,"Male","KO+MTX","C11567665",21.9
"G35_2",49,"Male","KO+Saline","C11567665",24.4
"G35_4",49,"Female","KO+MTX","C11567665",18.6
"G35_5",49,"Female","KO+Saline","C11567665",15.2
"G35_6",49,"Female","KO+MTX","C11567665",16.7
"G35_8",49,"Female","KO+Saline","C11567665",19.1
"G35_1",56,"Male","KO+MTX","C11567665",23.3
"G35_2",56,"Male","KO+Saline","C11567665",26.1
"G35_4",56,"Female","KO+MTX","C11567665",18.4
"G35_5",56,"Female","KO+Saline","C11567665",16.7
"G35_6",56,"Female","KO+MTX","C11567665",17.6
"G35_8",56,"Female","KO+Saline","C11567665",20.6
"G35_1",62,"Male","KO+MTX","C11567665",23.4
"G35_2",62,"Male","KO+Saline","C11567665",26.5
"G35_4",62,"Female","KO+MTX","C11567665",18.2
"G35_5",62,"Female","KO+Saline","C11567665",16.9
"G35_6",62,"Female","KO+MTX","C11567665",18.2
"G35_8",62,"Female","KO+Saline","C11567665",20.9
"G36_3",13,"Female","WT+MTX","C11576118",7.4
"G36_4",13,"Female","KO+Saline","C11576118",7.5
"G36_3",17,"Female","WT+MTX","C11576118",7.9
"G36_4",17,"Female","KO+Saline","C11576118",8
"G36_3",18,"Female","WT+MTX","C11576118",8.2
"G36_4",18,"Female","KO+Saline","C11576118",8.2
"G36_3",19,"Female","WT+MTX","C11576118",8.5
"G36_4",19,"Female","KO+Saline","C11576118",8.8
"G36_3",20,"Female","WT+MTX","C11576118",8.5
"G36_4",20,"Female","KO+Saline","C11576118",9.5
"G36_3",21,"Female","WT+MTX","C11576118",8.8
"G36_4",21,"Female","KO+Saline","C11576118",10.1
"G36_3",22,"Female","WT+MTX","C11576118",9.4
"G36_4",22,"Female","KO+Saline","C11576118",11
"G36_3",23,"Female","WT+MTX","C11576118",9.9
"G36_4",23,"Female","KO+Saline","C11576118",11.7
"G36_3",24,"Female","WT+MTX","C11576118",10.3
"G36_4",24,"Female","KO+Saline","C11576118",12.5
"G36_3",25,"Female","WT+MTX","C11576118",11.4
"G36_4",25,"Female","KO+Saline","C11576118",13.2
"G36_3",26,"Female","WT+MTX","C11576118",12.2
"G36_4",26,"Female","KO+Saline","C11576118",13.6
"G36_3",27,"Female","WT+MTX","C11576118",13.2
"G36_4",27,"Female","KO+Saline","C11576118",14.3
"G36_3",35,"Female","WT+MTX","C11576118",17.2
"G36_4",35,"Female","KO+Saline","C11576118",18
"G36_3",41,"Female","WT+MTX","C11576118",19.1
"G36_4",41,"Female","KO+Saline","C11576118",17.8
"G36_3",49,"Female","WT+MTX","C11576118",19.3
"G36_4",49,"Female","KO+Saline","C11576118",18.5
"G36_3",56,"Female","WT+MTX","C11576118",20.6
"G36_4",56,"Female","KO+Saline","C11576118",19.1
"G36_3",62,"Female","WT+MTX","C11576118",20.2
"G36_4",62,"Female","KO+Saline","C11576118",19.8
"G37_2",13,"Male","WT+MTX","C11595510",7.4
"G37_2",17,"Male","WT+MTX","C11595510",7.9
"G37_2",18,"Male","WT+MTX","C11595510",8.1
"G37_2",19,"Male","WT+MTX","C11595510",8.3
"G37_2",20,"Male","WT+MTX","C11595510",8.7
"G37_2",21,"Male","WT+MTX","C11595510",8.8
"G37_2",22,"Male","WT+MTX","C11595510",8.5
"G37_2",23,"Male","WT+MTX","C11595510",8.3
"G37_2",24,"Male","WT+MTX","C11595510",8.5
"G37_2",25,"Male","WT+MTX","C11595510",9.4
"G37_2",26,"Male","WT+MTX","C11595510",10.9
"G37_2",27,"Male","WT+MTX","C11595510",12
"G37_2",35,"Male","WT+MTX","C11595510",19.8
"G37_2",41,"Male","WT+MTX","C11595510",22.8
"G37_2",49,"Male","WT+MTX","C11595510",25.1
"G37_2",56,"Male","WT+MTX","C11595510",26.9
"G37_2",62,"Male","WT+MTX","C11595510",28.4
"G38_1",13,"Male","WT+Saline","C11595432",8
"G38_3",13,"Male","KO+MTX","C11595432",7
"G38_8",13,"Female","KO+Saline","C11595432",7.5
"G38_1",17,"Male","WT+Saline","C11595432",8.5
"G38_3",17,"Male","KO+MTX","C11595432",7.4
"G38_8",17,"Female","KO+Saline","C11595432",8.1
"G38_1",18,"Male","WT+Saline","C11595432",9.3
"G38_3",18,"Male","KO+MTX","C11595432",7.7
"G38_8",18,"Female","KO+Saline","C11595432",8.5
"G38_1",19,"Male","WT+Saline","C11595432",9.9
"G38_3",19,"Male","KO+MTX","C11595432",7.9
"G38_8",19,"Female","KO+Saline","C11595432",9
"G38_1",20,"Male","WT+Saline","C11595432",10.5
"G38_3",20,"Male","KO+MTX","C11595432",7.8
"G38_8",20,"Female","KO+Saline","C11595432",9.3
"G38_1",21,"Male","WT+Saline","C11595432",11.2
"G38_3",21,"Male","KO+MTX","C11595432",7.9
"G38_8",21,"Female","KO+Saline","C11595432",10
"G38_1",22,"Male","WT+Saline","C11595432",12.2
"G38_3",22,"Male","KO+MTX","C11595432",7.7
"G38_8",22,"Female","KO+Saline","C11595432",10.6
"G38_1",23,"Male","WT+Saline","C11595432",13.2
"G38_3",23,"Male","KO+MTX","C11595432",7.6
"G38_8",23,"Female","KO+Saline","C11595432",11.3
"G38_1",24,"Male","WT+Saline","C11595432",13.8
"G38_3",24,"Male","KO+MTX","C11595432",7.1
"G38_8",24,"Female","KO+Saline","C11595432",11.8
"G38_1",25,"Male","WT+Saline","C11595432",15.2
"G38_3",25,"Male","KO+MTX","C11595432",7.1
"G38_8",25,"Female","KO+Saline","C11595432",12.9
"G38_1",26,"Male","WT+Saline","C11595432",15.7
"G38_3",26,"Male","KO+MTX","C11595432",7.7
"G38_8",26,"Female","KO+Saline","C11595432",13.7
"G38_1",27,"Male","WT+Saline","C11595432",17
"G38_3",27,"Male","KO+MTX","C11595432",9
"G38_8",27,"Female","KO+Saline","C11595432",14
"G38_1",35,"Male","WT+Saline","C11595432",20.4
"G38_3",35,"Male","KO+MTX","C11595432",16.1
"G38_8",35,"Female","KO+Saline","C11595432",17.4
"G38_1",41,"Male","WT+Saline","C11595432",22.5
"G38_3",41,"Male","KO+MTX","C11595432",20
"G38_8",41,"Female","KO+Saline","C11595432",18.8
"G38_1",49,"Male","WT+Saline","C11595432",24.2
"G38_3",49,"Male","KO+MTX","C11595432",21.8
"G38_8",49,"Female","KO+Saline","C11595432",18.5
"G38_1",56,"Male","WT+Saline","C11595432",24.9
"G38_3",56,"Male","KO+MTX","C11595432",23.1
"G38_8",56,"Female","KO+Saline","C11595432",18.6
"G38_1",62,"Male","WT+Saline","C11595432",25.8
"G38_3",62,"Male","KO+MTX","C11595432",24.9
"G38_8",62,"Female","KO+Saline","C11595432",20.2
"G39_1",13,"Male","WT+MTX","C11595450",9.3
"G39_4",13,"Male","WT+Saline","C11595450",9.2
"G39_5",13,"Female","KO+MTX","C11595450",9.3
"G39_6",13,"Female","KO+Saline","C11595450",8.6
"G39_1",17,"Male","WT+MTX","C11595450",9.5
"G39_4",17,"Male","WT+Saline","C11595450",9.6
"G39_5",17,"Female","KO+MTX","C11595450",9.5
"G39_6",17,"Female","KO+Saline","C11595450",8.5
"G39_1",18,"Male","WT+MTX","C11595450",10.1
"G39_4",18,"Male","WT+Saline","C11595450",10.4
"G39_5",18,"Female","KO+MTX","C11595450",9.4
"G39_6",18,"Female","KO+Saline","C11595450",8.9
"G39_1",19,"Male","WT+MTX","C11595450",10
"G39_4",19,"Male","WT+Saline","C11595450",11.1
"G39_5",19,"Female","KO+MTX","C11595450",9.3
"G39_6",19,"Female","KO+Saline","C11595450",9.4
"G39_1",20,"Male","WT+MTX","C11595450",9.9
"G39_4",20,"Male","WT+Saline","C11595450",11.4
"G39_5",20,"Female","KO+MTX","C11595450",9.3
"G39_6",20,"Female","KO+Saline","C11595450",9.9
"G39_1",21,"Male","WT+MTX","C11595450",10.3
"G39_4",21,"Male","WT+Saline","C11595450",12.7
"G39_5",21,"Female","KO+MTX","C11595450",9.2
"G39_6",21,"Female","KO+Saline","C11595450",10.4
"G39_1",22,"Male","WT+MTX","C11595450",10.2
"G39_4",22,"Male","WT+Saline","C11595450",13.5
"G39_5",22,"Female","KO+MTX","C11595450",9
"G39_6",22,"Female","KO+Saline","C11595450",11.2
"G39_1",23,"Male","WT+MTX","C11595450",10.3
"G39_4",23,"Male","WT+Saline","C11595450",14.5
"G39_5",23,"Female","KO+MTX","C11595450",8.9
"G39_6",23,"Female","KO+Saline","C11595450",11.7
"G39_1",24,"Male","WT+MTX","C11595450",10.3
"G39_4",24,"Male","WT+Saline","C11595450",15.5
"G39_5",24,"Female","KO+MTX","C11595450",8.4
"G39_6",24,"Female","KO+Saline","C11595450",12.5
"G39_1",25,"Male","WT+MTX","C11595450",12.4
"G39_4",25,"Male","WT+Saline","C11595450",16.3
"G39_5",25,"Female","KO+MTX","C11595450",7.3
"G39_6",25,"Female","KO+Saline","C11595450",13.2
"G39_1",26,"Male","WT+MTX","C11595450",13.8
"G39_4",26,"Male","WT+Saline","C11595450",17.5
"G39_5",26,"Female","KO+MTX","C11595450",9.9
"G39_6",26,"Female","KO+Saline","C11595450",13.6
"G39_1",27,"Male","WT+MTX","C11595450",14.5
"G39_4",27,"Male","WT+Saline","C11595450",17.8
"G39_5",27,"Female","KO+MTX","C11595450",11.3
"G39_6",27,"Female","KO+Saline","C11595450",13.9
"G39_1",35,"Male","WT+MTX","C11595450",21.1
"G39_4",35,"Male","WT+Saline","C11595450",21.4
"G39_5",35,"Female","KO+MTX","C11595450",15.6
"G39_6",35,"Female","KO+Saline","C11595450",16.1
"G39_1",41,"Male","WT+MTX","C11595450",23.6
"G39_4",41,"Male","WT+Saline","C11595450",23.7
"G39_5",41,"Female","KO+MTX","C11595450",16.6
"G39_6",41,"Female","KO+Saline","C11595450",17.7
"G39_1",49,"Male","WT+MTX","C11595450",24.4
"G39_4",49,"Male","WT+Saline","C11595450",25.3
"G39_5",49,"Female","KO+MTX","C11595450",17.3
"G39_6",49,"Female","KO+Saline","C11595450",18.7
"G39_1",56,"Male","WT+MTX","C11595450",25.7
"G39_4",56,"Male","WT+Saline","C11595450",26.8
"G39_5",56,"Female","KO+MTX","C11595450",19.8
"G39_6",56,"Female","KO+Saline","C11595450",19.2
"G39_1",62,"Male","WT+MTX","C11595450",26.8
"G39_4",62,"Male","WT+Saline","C11595450",26.9
"G39_5",62,"Female","KO+MTX","C11595450",19.9
"G39_6",62,"Female","KO+Saline","C11595450",21.1
